method,split,mean_success,ci95_success,mean_slip,ci95_slip,drop_rate,collision_rate,unsafe_force_rate,mean_energy,sampled_candidates,episodes,seeds,stress_level
calibrated_stacked_ranker,stress_0.00,1.0000,0.0000,0.0360,0.0052,0.0000,0.0000,0.0000,2.6838,1.00,80,8,0.00
calibrated_stacked_ranker,stress_0.20,1.0000,0.0000,0.0418,0.0051,0.0000,0.0000,0.0000,2.5283,1.00,80,8,0.20
calibrated_stacked_ranker,stress_0.40,0.9750,0.0344,0.0492,0.0065,0.0125,0.5750,0.0000,2.6408,1.00,80,8,0.40
calibrated_stacked_ranker,stress_0.60,0.2000,0.0882,0.0827,0.0188,0.4500,0.6750,0.0000,3.4595,1.00,80,8,0.60
calibrated_stacked_ranker,stress_0.80,0.0250,0.0344,0.0801,0.0097,0.7000,0.9000,0.0000,1.9002,1.00,80,8,0.80
calibrated_stacked_ranker,stress_1.00,0.0000,0.0000,0.0728,0.0047,0.8875,1.0000,0.0000,1.1529,1.00,80,8,1.00
cem_grasp_search,stress_0.00,0.9125,0.0623,0.0467,0.0076,0.0000,0.0000,0.0000,2.4607,1.00,80,8,0.00
cem_grasp_search,stress_0.20,0.9000,0.0662,0.0507,0.0079,0.0000,0.0000,0.0000,3.6504,1.00,80,8,0.20
cem_grasp_search,stress_0.40,0.8125,0.0861,0.0596,0.0078,0.1375,0.1250,0.0000,5.7342,1.00,80,8,0.40
cem_grasp_search,stress_0.60,0.1375,0.0759,0.0936,0.0132,0.5875,0.7250,0.0000,2.7316,1.00,80,8,0.60
cem_grasp_search,stress_0.80,0.0375,0.0419,0.0776,0.0104,0.7875,0.9375,0.0000,1.3884,1.00,80,8,0.80
cem_grasp_search,stress_1.00,0.0000,0.0000,0.0782,0.0038,0.9750,1.0000,0.0000,0.9581,1.00,80,8,1.00
collision_aware_force_closure,stress_0.00,0.8750,0.0729,0.0523,0.0079,0.0000,0.0000,0.0000,2.5011,1.00,80,8,0.00
collision_aware_force_closure,stress_0.20,0.9000,0.0662,0.0533,0.0084,0.0125,0.0000,0.0000,3.7892,1.00,80,8,0.20
collision_aware_force_closure,stress_0.40,0.8000,0.0882,0.0602,0.0083,0.1125,0.1375,0.0000,5.8795,1.00,80,8,0.40
collision_aware_force_closure,stress_0.60,0.1875,0.0861,0.0960,0.0222,0.5250,0.6250,0.0000,3.1012,1.00,80,8,0.60
collision_aware_force_closure,stress_0.80,0.0375,0.0419,0.0773,0.0104,0.7625,0.9500,0.0000,1.4105,1.00,80,8,0.80
collision_aware_force_closure,stress_1.00,0.0000,0.0000,0.0772,0.0037,0.9750,1.0000,0.0000,0.9407,1.00,80,8,1.00
ebm_transformer_compositional_v5,stress_0.00,0.9875,0.0245,0.0388,0.0058,0.0000,0.0000,0.0000,2.5877,1.00,80,8,0.00
ebm_transformer_compositional_v5,stress_0.20,1.0000,0.0000,0.0392,0.0056,0.0000,0.0000,0.0000,3.1832,1.00,80,8,0.20
ebm_transformer_compositional_v5,stress_0.40,0.8875,0.0697,0.0527,0.0067,0.1000,0.1125,0.0000,4.8011,1.00,80,8,0.40
ebm_transformer_compositional_v5,stress_0.60,0.2000,0.0882,0.0799,0.0106,0.5000,0.6500,0.0000,3.1703,1.00,80,8,0.60
ebm_transformer_compositional_v5,stress_0.80,0.0500,0.0481,0.0745,0.0098,0.7500,0.9250,0.0000,1.4855,1.00,80,8,0.80
ebm_transformer_compositional_v5,stress_1.00,0.0000,0.0000,0.0760,0.0039,0.9500,1.0000,0.0000,0.9761,1.00,80,8,1.00
ensemble_uncertainty_ranker,stress_0.00,1.0000,0.0000,0.0381,0.0047,0.0000,0.0000,0.0000,2.4969,1.00,80,8,0.00
ensemble_uncertainty_ranker,stress_0.20,1.0000,0.0000,0.0484,0.0055,0.0000,0.0000,0.0000,2.4387,1.00,80,8,0.20
ensemble_uncertainty_ranker,stress_0.40,0.9875,0.0245,0.0543,0.0065,0.0000,0.6375,0.0000,2.4127,1.00,80,8,0.40
ensemble_uncertainty_ranker,stress_0.60,0.1125,0.0697,0.1034,0.0246,0.3375,0.7875,0.0000,3.4206,1.00,80,8,0.60
ensemble_uncertainty_ranker,stress_0.80,0.0250,0.0344,0.1051,0.0166,0.4500,0.8375,0.0000,3.3783,1.00,80,8,0.80
ensemble_uncertainty_ranker,stress_1.00,0.0250,0.0344,0.1325,0.0167,0.6000,0.9625,0.0000,3.1327,1.00,80,8,1.00
gradient_boosted_energy_model,stress_0.00,1.0000,0.0000,0.0377,0.0056,0.0000,0.0000,0.0000,2.4414,1.00,80,8,0.00
gradient_boosted_energy_model,stress_0.20,1.0000,0.0000,0.0467,0.0056,0.0000,0.0000,0.0000,2.3680,1.00,80,8,0.20
gradient_boosted_energy_model,stress_0.40,1.0000,0.0000,0.0508,0.0062,0.0000,0.7125,0.0000,2.3646,1.00,80,8,0.40
gradient_boosted_energy_model,stress_0.60,0.1375,0.0759,0.0751,0.0083,0.4000,0.7375,0.0000,2.4466,1.00,80,8,0.60
gradient_boosted_energy_model,stress_0.80,0.0625,0.0534,0.0861,0.0137,0.5000,0.8750,0.0000,2.6330,1.00,80,8,0.80
gradient_boosted_energy_model,stress_1.00,0.0000,0.0000,0.1055,0.0136,0.6500,1.0000,0.0000,2.3766,1.00,80,8,1.00
mlp_energy_model,stress_0.00,1.0000,0.0000,0.0339,0.0056,0.0000,0.0000,0.0000,2.2922,1.00,80,8,0.00
mlp_energy_model,stress_0.20,1.0000,0.0000,0.0242,0.0039,0.0000,0.0000,0.0000,2.7755,1.00,80,8,0.20
mlp_energy_model,stress_0.40,0.9000,0.0662,0.0508,0.0071,0.0000,0.7000,0.0000,2.4991,1.00,80,8,0.40
mlp_energy_model,stress_0.60,0.1000,0.0662,0.0750,0.0121,0.2000,0.8250,0.0000,3.0979,1.00,80,8,0.60
mlp_energy_model,stress_0.80,0.0000,0.0000,0.0734,0.0108,0.3125,0.9750,0.0000,2.2357,1.00,80,8,0.80
mlp_energy_model,stress_1.00,0.0000,0.0000,0.0763,0.0065,0.7000,1.0000,0.0000,1.6320,1.00,80,8,1.00
oracle_mujoco_grid,stress_0.00,1.0000,0.0000,0.0144,0.0026,0.0000,0.0000,0.0000,2.4612,7.00,80,8,0.00
oracle_mujoco_grid,stress_0.20,1.0000,0.0000,0.0144,0.0022,0.0000,0.0000,0.0000,2.5745,7.00,80,8,0.20
oracle_mujoco_grid,stress_0.40,1.0000,0.0000,0.0178,0.0038,0.0000,0.0000,0.0000,5.4007,7.00,80,8,0.40
oracle_mujoco_grid,stress_0.60,0.6500,0.1052,0.0441,0.0080,0.0000,0.2875,0.0000,3.8548,7.00,80,8,0.60
oracle_mujoco_grid,stress_0.80,0.2125,0.0902,0.0539,0.0103,0.0625,0.7000,0.0000,2.7315,7.00,80,8,0.80
oracle_mujoco_grid,stress_1.00,0.0250,0.0344,0.0580,0.0101,0.3000,0.9500,0.0000,2.2356,7.00,80,8,1.00
robust_perturbation_ranker,stress_0.00,0.8250,0.0838,0.0587,0.0079,0.0000,0.0000,0.0000,2.5730,1.00,80,8,0.00
robust_perturbation_ranker,stress_0.20,0.8250,0.0838,0.0628,0.0092,0.0375,0.0000,0.0000,3.6636,1.00,80,8,0.20
robust_perturbation_ranker,stress_0.40,0.7875,0.0902,0.0607,0.0081,0.1250,0.1750,0.0000,5.7613,1.00,80,8,0.40
robust_perturbation_ranker,stress_0.60,0.1750,0.0838,0.0835,0.0107,0.5375,0.6250,0.0000,3.2655,1.00,80,8,0.60
robust_perturbation_ranker,stress_0.80,0.0375,0.0419,0.0761,0.0097,0.7625,0.9375,0.0000,1.4572,1.00,80,8,0.80
robust_perturbation_ranker,stress_1.00,0.0000,0.0000,0.0750,0.0037,0.9500,1.0000,0.0000,0.9849,1.00,80,8,1.00
