method,split,seed,episode,success,lifted_height,final_xy_error,slip,drop,collision,unsafe_force,max_contact_force,energy,task_satisfied,rollout_score,sampled_candidates,object_energy,contact_energy,task_energy,collision_energy,feasibility_energy,shape,task,friction,jaw_width,angle
full_ebm_transformer_compositional,combined_composition_shift,0,0,0,-0.00206,0.06262,0.11468,1,0,0,6.06365,0.60684,1,-0.83746,1,0.11314,0.14734,0.01051,0.01752,0.10469,t_shape,clutter_safe,0.3800,0.18000,2.99384
full_ebm_transformer_compositional,combined_composition_shift,0,1,0,-0.00206,0.18322,0.23528,1,0,0,51.96062,1.34756,1,-0.88000,1,0.22047,0.13758,0.00000,0.00000,0.13262,t_shape,clutter_safe,0.3800,0.18000,-0.07286
full_ebm_transformer_compositional,combined_composition_shift,0,2,0,0.15511,0.04719,0.04719,0,1,0,51.54219,3.97099,0,-0.52831,1,0.14798,0.13133,0.00000,0.00000,0.12388,t_shape,clutter_safe,0.3800,0.18000,0.48626
full_ebm_transformer_compositional,combined_composition_shift,0,3,0,0.15029,0.09136,0.09136,0,1,0,83.30185,6.32203,0,-0.62033,1,0.10320,0.13744,0.00286,0.00476,0.10792,t_shape,clutter_safe,0.3800,0.18000,2.96970
full_ebm_transformer_compositional,combined_composition_shift,0,4,0,-0.00206,0.08949,0.14155,1,1,0,7.97017,0.63359,0,-1.20069,1,0.14960,0.13653,0.00000,0.00000,0.17065,t_shape,clutter_safe,0.3800,0.18000,-0.37280
full_ebm_transformer_compositional,combined_composition_shift,0,5,0,0.03511,0.08855,0.10344,1,1,0,61.53526,3.30603,0,-1.19550,1,0.06522,0.13015,0.03771,0.06285,0.12481,t_shape,clutter_safe,0.3800,0.18000,-0.22902
full_ebm_transformer_compositional,combined_composition_shift,0,6,0,-0.00211,0.07921,0.13132,1,1,0,42.80774,2.81354,0,-1.23000,1,0.18355,0.12765,0.00000,0.00000,0.12487,t_shape,clutter_safe,0.3800,0.18000,-0.21670
full_ebm_transformer_compositional,combined_composition_shift,0,7,0,0.15481,0.01962,0.01962,0,1,0,68.94286,5.58402,0,-0.47087,1,0.11642,0.12825,0.00000,0.00000,0.11152,t_shape,clutter_safe,0.3800,0.17295,-0.39848
full_ebm_transformer_compositional,combined_composition_shift,0,8,0,0.15530,0.02732,0.02732,0,1,0,73.26388,6.00839,0,-0.48691,1,0.16484,0.13115,0.00000,0.00000,0.09812,t_shape,clutter_safe,0.3800,0.18000,-0.21825
full_ebm_transformer_compositional,combined_composition_shift,0,9,0,0.05529,0.01193,0.01193,1,1,0,84.50980,5.42103,0,-1.00485,1,0.19254,0.13353,0.00000,0.00000,0.10518,t_shape,clutter_safe,0.3800,0.18000,2.95874
full_ebm_transformer_compositional,combined_composition_shift,1,0,0,0.16048,0.10273,0.10273,0,1,0,60.94633,4.88047,0,-0.64402,1,0.08403,0.13702,0.00000,0.00000,0.12536,t_shape,clutter_safe,0.3800,0.17886,-0.25834
full_ebm_transformer_compositional,combined_composition_shift,1,1,0,0.01542,0.06731,0.10189,1,1,0,80.07244,4.04082,0,-1.19227,1,0.15712,0.13575,0.00000,0.00000,0.11141,t_shape,clutter_safe,0.3800,0.18000,-0.02858
full_ebm_transformer_compositional,combined_composition_shift,1,2,1,0.16189,0.02243,0.02243,0,0,0,66.71376,5.37763,1,0.87327,1,0.13806,0.12819,0.00000,0.00000,0.10052,t_shape,clutter_safe,0.3800,0.18000,-0.04499
full_ebm_transformer_compositional,combined_composition_shift,1,3,0,0.10758,0.10788,0.10788,0,1,0,76.96672,4.59309,0,-0.65476,1,0.04532,0.13774,0.00000,0.00000,0.09722,t_shape,clutter_safe,0.3800,0.18000,0.07079
full_ebm_transformer_compositional,combined_composition_shift,1,4,0,-0.00206,0.09630,0.14836,1,1,0,6.56595,0.60235,0,-1.19819,1,0.19811,0.20723,0.03437,0.05728,0.14481,t_shape,clutter_safe,0.3800,0.18000,-2.90984
full_ebm_transformer_compositional,combined_composition_shift,1,5,0,-0.00206,0.06495,0.11700,1,1,0,33.64913,0.83563,0,-1.21061,1,0.19209,0.12771,0.00000,0.00000,0.10753,t_shape,clutter_safe,0.3800,0.18000,3.00160
full_ebm_transformer_compositional,combined_composition_shift,1,6,1,0.15820,0.02873,0.02873,0,0,0,69.91757,5.79951,1,0.86015,1,0.12441,0.12733,0.00000,0.00000,0.11529,t_shape,clutter_safe,0.3800,0.18000,-0.08048
full_ebm_transformer_compositional,combined_composition_shift,1,7,1,0.15542,0.03122,0.03122,0,0,0,76.09688,6.28856,1,0.85496,1,0.21388,0.12685,0.00000,0.00000,0.12147,t_shape,clutter_safe,0.3800,0.18000,0.16989
full_ebm_transformer_compositional,combined_composition_shift,1,8,1,0.15771,0.06838,0.06838,0,0,0,76.36456,6.34286,1,0.77753,1,0.15012,0.13113,0.00000,0.00000,0.11430,t_shape,clutter_safe,0.3800,0.18000,-0.21511
full_ebm_transformer_compositional,combined_composition_shift,1,9,0,0.15756,0.03605,0.03605,0,1,0,51.25765,3.57184,0,-0.50510,1,0.11233,0.13168,0.00000,0.00000,0.12385,t_shape,clutter_safe,0.3800,0.17353,-2.91707
full_ebm_transformer_compositional,combined_composition_shift,2,0,0,-0.00213,0.09375,0.14588,1,1,0,22.68833,1.05278,0,-1.23000,1,0.16088,0.13694,0.00000,0.00000,0.10055,t_shape,clutter_safe,0.3800,0.18000,0.00161
full_ebm_transformer_compositional,combined_composition_shift,2,1,0,-0.00206,0.07675,0.12881,1,1,0,24.76124,0.63071,0,-1.20046,1,0.13557,0.12785,0.09181,0.15302,0.12928,t_shape,clutter_safe,0.3800,0.18000,0.35987
full_ebm_transformer_compositional,combined_composition_shift,2,2,0,0.16108,0.01340,0.01340,0,1,0,69.32675,5.74954,0,-0.45791,1,0.17098,0.12780,0.02068,0.03447,0.13861,t_shape,clutter_safe,0.3800,0.18000,0.13849
full_ebm_transformer_compositional,combined_composition_shift,2,3,1,0.16335,0.06125,0.06125,0,0,0,38.97568,2.94467,1,0.79239,1,0.13898,0.12867,0.00000,0.00000,0.10442,t_shape,clutter_safe,0.3800,0.17752,0.24441
full_ebm_transformer_compositional,combined_composition_shift,2,4,0,-0.00206,0.10129,0.15335,1,1,0,16.92610,0.70324,0,-1.20626,1,0.13323,0.13593,0.00000,0.00000,0.09277,t_shape,clutter_safe,0.3800,0.18000,0.04897
full_ebm_transformer_compositional,combined_composition_shift,2,5,0,0.15997,0.00340,0.00340,0,1,0,61.14927,5.05562,0,-0.43707,1,0.09847,0.12922,0.00000,0.00000,0.10030,t_shape,clutter_safe,0.3800,0.18000,-0.02524
full_ebm_transformer_compositional,combined_composition_shift,2,6,0,0.15701,0.05695,0.05695,0,1,0,75.09944,5.58369,0,-0.54864,1,0.10592,0.13544,0.02918,0.04863,0.11462,t_shape,clutter_safe,0.3800,0.18000,0.12589
full_ebm_transformer_compositional,combined_composition_shift,2,7,0,0.15638,0.02794,0.02794,0,1,0,55.06272,3.46609,0,-0.48821,1,0.10058,0.13206,0.00000,0.00000,0.10149,t_shape,clutter_safe,0.3800,0.18000,0.07743
full_ebm_transformer_compositional,combined_composition_shift,2,8,0,0.15476,0.12888,0.12888,0,1,0,70.63490,5.02365,0,-0.68000,1,0.06446,0.13784,0.10388,0.17314,0.11487,t_shape,clutter_safe,0.3800,0.18000,0.24040
full_ebm_transformer_compositional,combined_composition_shift,2,9,0,-0.00206,1.03617,1.08822,1,0,0,0.00000,0.54399,1,-0.84352,1,0.18125,0.12726,0.00000,0.00000,0.10546,t_shape,clutter_safe,0.3800,0.18000,-0.02138
full_ebm_transformer_compositional,combined_composition_shift,3,0,1,0.16332,0.04250,0.04250,0,0,0,54.74022,3.85854,1,0.83146,1,0.16442,0.12642,0.00000,0.00000,0.10093,t_shape,clutter_safe,0.3800,0.18000,0.20391
full_ebm_transformer_compositional,combined_composition_shift,3,1,0,-0.00206,0.06796,0.12002,1,0,0,5.52798,0.54981,1,-0.84398,1,0.12847,0.14829,0.00000,0.00000,0.11496,t_shape,clutter_safe,0.3800,0.18000,-0.10828
full_ebm_transformer_compositional,combined_composition_shift,3,2,0,0.16096,0.02020,0.02020,0,1,0,70.83177,5.87296,0,-0.47209,1,0.09432,0.12825,0.00000,0.00000,0.09369,t_shape,clutter_safe,0.3800,0.18000,0.04324
full_ebm_transformer_compositional,combined_composition_shift,3,3,0,-0.00206,0.07191,0.12397,1,1,0,8.13571,0.60908,0,-1.19873,1,0.15345,0.13486,0.02355,0.03925,0.14817,t_shape,clutter_safe,0.3800,0.18000,0.33282
full_ebm_transformer_compositional,combined_composition_shift,3,4,0,0.01770,0.32722,0.35952,1,1,0,85.38288,3.67322,0,-1.23000,1,0.15669,0.13744,0.00000,0.00000,0.10593,t_shape,clutter_safe,0.3800,0.18000,0.14611
full_ebm_transformer_compositional,combined_composition_shift,3,5,0,0.15749,0.03042,0.03042,0,1,0,79.08038,6.57789,0,-0.49337,1,0.14797,0.13015,0.00000,0.00000,0.12519,t_shape,clutter_safe,0.3800,0.18000,-0.37873
full_ebm_transformer_compositional,combined_composition_shift,3,6,1,0.15588,0.03129,0.03129,0,0,0,76.41540,6.36393,1,0.85482,1,0.16437,0.12695,0.00000,0.00000,0.17414,t_shape,clutter_safe,0.3800,0.18000,-0.16009
full_ebm_transformer_compositional,combined_composition_shift,3,7,0,-0.00206,0.09969,0.15175,1,1,0,42.86843,0.98429,0,-1.22874,1,0.15882,0.13612,0.00000,0.00000,0.13298,t_shape,clutter_safe,0.3800,0.18000,2.90618
full_ebm_transformer_compositional,combined_composition_shift,3,8,0,-0.00206,0.01937,0.07143,1,1,0,59.55333,2.70244,0,-1.12880,1,0.20600,0.13305,0.00000,0.00000,0.10622,t_shape,clutter_safe,0.3800,0.18000,-0.17051
full_ebm_transformer_compositional,combined_composition_shift,3,9,0,0.15927,0.00638,0.00638,0,1,0,62.13436,5.11234,0,-0.44328,1,0.05099,0.12650,0.03789,0.06315,0.10444,t_shape,clutter_safe,0.3800,0.18000,2.82848
full_ebm_transformer_compositional,combined_composition_shift,4,0,0,0.05386,0.02035,0.02035,1,1,0,43.50410,2.81559,0,-1.02239,1,0.15836,0.13038,0.00000,0.00000,0.15316,t_shape,clutter_safe,0.3800,0.18000,-2.99593
full_ebm_transformer_compositional,combined_composition_shift,4,1,1,0.16297,0.03616,0.03616,0,0,0,59.60399,4.82469,1,0.84466,1,0.03287,0.12630,0.06847,0.11412,0.12094,t_shape,clutter_safe,0.3800,0.18000,2.92052
full_ebm_transformer_compositional,combined_composition_shift,4,2,0,0.02029,0.09971,0.12942,1,1,0,57.32779,2.50226,0,-1.23000,1,0.20129,0.16116,0.11027,0.18378,0.05245,t_shape,clutter_safe,0.3800,0.12961,-0.57253
full_ebm_transformer_compositional,combined_composition_shift,4,3,0,0.15582,0.05173,0.05173,0,1,0,73.30776,5.94100,0,-0.53777,1,0.16193,0.13244,0.00000,0.00000,0.10559,t_shape,clutter_safe,0.3800,0.18000,0.00804
full_ebm_transformer_compositional,combined_composition_shift,4,4,0,0.10086,0.08243,0.08243,0,1,0,82.94629,5.16798,0,-0.60172,1,0.18394,0.13175,0.00000,0.00000,0.10777,t_shape,clutter_safe,0.3800,0.18000,-0.03086
full_ebm_transformer_compositional,combined_composition_shift,4,5,0,0.16232,0.01762,0.01762,0,1,0,58.55542,4.84658,0,-0.46671,1,0.04948,0.13422,0.00000,0.00000,0.13722,t_shape,clutter_safe,0.3800,0.18000,-0.19243
full_ebm_transformer_compositional,combined_composition_shift,4,6,0,0.02813,0.03936,0.06123,1,1,0,74.07659,3.57529,0,-1.10757,1,0.13661,0.13351,0.05043,0.08405,0.11219,t_shape,clutter_safe,0.3800,0.18000,0.05527
full_ebm_transformer_compositional,combined_composition_shift,4,7,0,-0.00362,0.05170,0.10532,1,1,0,49.03445,1.84081,0,-1.19941,1,0.16293,0.12838,0.00000,0.00000,0.09392,t_shape,clutter_safe,0.3800,0.18000,2.80971
full_ebm_transformer_compositional,combined_composition_shift,4,8,1,0.16328,0.03045,0.03045,0,0,0,48.86305,4.08060,1,0.85656,1,0.10590,0.12849,0.00000,0.00000,0.09063,t_shape,clutter_safe,0.3800,0.18000,0.21371
full_ebm_transformer_compositional,combined_composition_shift,4,9,0,-0.00206,0.06744,0.11950,1,1,0,30.96393,1.07488,0,-1.22896,1,0.19142,0.12823,0.00000,0.00000,0.11482,t_shape,clutter_safe,0.3800,0.18000,0.00350
no_object_energy,combined_composition_shift,0,0,0,-0.00206,0.04561,0.09767,1,1,0,27.78876,1.05612,0,-1.18347,1,0.22445,0.12700,0.00000,0.00000,0.10326,t_shape,clutter_safe,0.3800,0.18000,0.13848
no_object_energy,combined_composition_shift,0,1,0,0.00141,0.09770,0.14629,1,1,0,63.95003,2.91791,0,-1.23000,1,0.09773,0.13185,0.00000,0.00000,0.12089,t_shape,clutter_safe,0.3800,0.18000,-0.10633
no_object_energy,combined_composition_shift,0,2,0,0.15034,0.04635,0.04635,0,1,0,64.77061,3.41588,0,-0.52657,1,0.15702,0.13030,0.00000,0.00000,0.10833,t_shape,clutter_safe,0.3800,0.18000,3.00256
no_object_energy,combined_composition_shift,0,3,1,0.16051,0.02593,0.02593,0,0,0,57.21358,4.72235,1,0.86598,1,0.06800,0.12603,0.00000,0.00000,0.10138,t_shape,clutter_safe,0.3800,0.18000,-0.00709
no_object_energy,combined_composition_shift,0,4,0,-0.00207,0.06466,0.11673,1,1,0,54.78115,2.00585,0,-1.22318,1,0.07982,0.13794,0.00000,0.00000,0.11514,t_shape,clutter_safe,0.3800,0.18000,-2.98976
no_object_energy,combined_composition_shift,0,5,0,0.15078,0.07720,0.07720,0,1,0,81.68180,6.74180,0,-0.59083,1,0.19849,0.13291,0.00000,0.00000,0.10922,t_shape,clutter_safe,0.3800,0.18000,2.90220
no_object_energy,combined_composition_shift,0,6,0,-0.00206,0.09995,0.15201,1,1,0,43.82287,2.35819,0,-1.23000,1,0.18407,0.12827,0.01371,0.02285,0.12554,t_shape,clutter_safe,0.3800,0.18000,0.22623
no_object_energy,combined_composition_shift,0,7,0,-0.00206,0.09215,0.14421,1,1,0,8.68889,0.66912,0,-1.20353,1,0.09589,0.12799,0.00000,0.00000,0.16219,t_shape,clutter_safe,0.3800,0.18000,0.30547
no_object_energy,combined_composition_shift,0,8,0,-0.00206,0.07382,0.12588,1,1,0,0.00000,0.57650,0,-1.19612,1,0.14057,0.13468,0.00000,0.00000,0.12433,t_shape,clutter_safe,0.3800,0.18000,0.03533
no_object_energy,combined_composition_shift,0,9,0,0.15913,0.04429,0.04429,0,1,0,62.16380,4.24085,0,-0.52227,1,0.15440,0.13267,0.00000,0.00000,0.11498,t_shape,clutter_safe,0.3800,0.18000,0.20044
no_object_energy,combined_composition_shift,1,0,1,0.16036,0.01609,0.01609,0,0,0,59.73248,4.94984,1,0.88648,1,0.12182,0.12697,0.00000,0.00000,0.10929,t_shape,clutter_safe,0.3800,0.18000,3.13072
no_object_energy,combined_composition_shift,1,1,0,-0.00206,0.07476,0.12682,1,0,0,1.50719,0.55135,1,-0.84411,1,0.17157,0.12949,0.00000,0.00000,0.12326,t_shape,clutter_safe,0.3800,0.18000,2.96175
no_object_energy,combined_composition_shift,1,2,0,0.15471,0.07291,0.07291,0,1,0,85.29972,6.79439,0,-0.58190,1,0.20851,0.13388,0.00000,0.00000,0.11572,t_shape,clutter_safe,0.3800,0.18000,-0.11957
no_object_energy,combined_composition_shift,1,3,0,-0.00206,0.11160,0.16366,1,0,0,2.66659,0.57278,1,-0.84582,1,0.18579,0.13067,0.00000,0.00000,0.12352,t_shape,clutter_safe,0.3800,0.18000,0.00765
no_object_energy,combined_composition_shift,1,4,0,0.15862,0.09772,0.09772,0,1,0,75.95198,6.24957,0,-0.63359,1,0.16751,0.13533,0.00000,0.00000,0.12499,t_shape,clutter_safe,0.3800,0.18000,0.12911
no_object_energy,combined_composition_shift,1,5,0,0.12075,0.07186,0.07186,0,1,0,68.53515,3.82830,0,-0.57971,1,0.16884,0.13088,0.00000,0.00000,0.09781,t_shape,clutter_safe,0.3800,0.18000,3.00760
no_object_energy,combined_composition_shift,1,6,0,-0.00206,0.12237,0.17443,1,0,0,51.05082,1.31041,1,-0.88000,1,0.12539,0.12866,0.00000,0.00000,0.11462,t_shape,clutter_safe,0.3800,0.18000,-0.06299
no_object_energy,combined_composition_shift,1,7,0,0.15822,0.10587,0.10587,0,1,0,80.47562,6.59235,0,-0.65056,1,0.18009,0.13740,0.00000,0.00000,0.09542,t_shape,clutter_safe,0.3800,0.18000,0.07036
no_object_energy,combined_composition_shift,1,8,0,-0.00206,0.09423,0.14629,1,1,0,6.71924,0.56343,0,-1.19507,1,0.17819,0.19826,0.02115,0.03525,0.14273,t_shape,clutter_safe,0.3800,0.18000,2.91841
no_object_energy,combined_composition_shift,1,9,0,-0.00113,0.07842,0.12954,1,1,0,43.48569,2.44421,0,-1.23000,1,0.15984,0.13184,0.02858,0.04764,0.06192,t_shape,clutter_safe,0.3800,0.17061,-0.24242
no_object_energy,combined_composition_shift,2,0,1,0.16320,0.07802,0.07802,0,0,0,58.03273,4.69247,1,0.75747,1,0.13551,0.12975,0.00062,0.00103,0.13700,t_shape,clutter_safe,0.3800,0.17859,-0.13419
no_object_energy,combined_composition_shift,2,1,0,-0.00206,0.06148,0.11354,1,1,0,47.87993,1.69288,0,-1.21653,1,0.19164,0.13576,0.00000,0.00000,0.12557,t_shape,clutter_safe,0.3800,0.18000,0.07667
no_object_energy,combined_composition_shift,2,2,0,-0.00206,0.07881,0.13087,1,1,0,23.42436,0.64891,0,-1.20191,1,0.14319,0.13373,0.00000,0.00000,0.10628,t_shape,clutter_safe,0.3800,0.18000,3.04233
no_object_energy,combined_composition_shift,2,3,0,0.16206,0.07760,0.07760,0,1,0,72.58054,6.04702,0,-0.59167,1,0.11686,0.13476,0.01808,0.03014,0.10869,t_shape,clutter_safe,0.3800,0.18000,0.05911
no_object_energy,combined_composition_shift,2,4,0,-0.00206,0.09077,0.14283,1,1,0,6.66359,0.57205,0,-1.19576,1,0.18997,0.13004,0.00000,0.00000,0.15170,t_shape,clutter_safe,0.3800,0.18000,2.92484
no_object_energy,combined_composition_shift,2,5,0,-0.00206,0.06112,0.11317,1,1,0,1.54174,0.60303,0,-1.18402,1,0.15373,0.13681,0.00000,0.00000,0.10652,t_shape,clutter_safe,0.3800,0.18000,-0.22269
no_object_energy,combined_composition_shift,2,6,0,0.11131,0.10189,0.10189,0,1,0,76.67329,4.52553,0,-0.64227,1,0.19965,0.13507,0.00000,0.00000,0.11140,t_shape,clutter_safe,0.3800,0.18000,0.20504
no_object_energy,combined_composition_shift,2,7,0,-0.00206,0.07841,0.13046,1,1,0,10.39438,0.64318,0,-1.20145,1,0.15242,0.13045,0.09883,0.16472,0.08521,t_shape,clutter_safe,0.3800,0.17446,-0.26143
no_object_energy,combined_composition_shift,2,8,0,-0.00399,0.06924,0.12323,1,1,0,45.44785,2.90718,0,-1.23000,1,0.15765,0.13718,0.00000,0.00000,0.10181,t_shape,clutter_safe,0.3800,0.18000,0.15632
no_object_energy,combined_composition_shift,2,9,0,0.08742,0.01002,0.01002,0,1,0,68.40301,4.53651,0,-0.45087,1,0.13804,0.12777,0.00000,0.00000,0.10202,t_shape,clutter_safe,0.3800,0.18000,3.01382
no_object_energy,combined_composition_shift,3,0,0,-0.00452,0.11388,0.16839,1,1,0,47.67400,2.56764,0,-1.23000,1,0.14911,0.13380,0.00008,0.00014,0.06423,t_shape,clutter_safe,0.3800,0.16928,0.22702
no_object_energy,combined_composition_shift,3,1,0,0.15508,0.01449,0.01449,0,1,0,69.21304,5.71771,0,-0.46018,1,0.11860,0.12980,0.00000,0.00000,0.13888,t_shape,clutter_safe,0.3800,0.18000,0.19640
no_object_energy,combined_composition_shift,3,2,0,0.14133,0.07313,0.07313,0,1,0,82.01760,5.24519,0,-0.58236,1,0.12605,0.13252,0.06664,0.11107,0.12469,t_shape,clutter_safe,0.3800,0.18000,0.01533
no_object_energy,combined_composition_shift,3,3,0,-0.00206,0.05522,0.10727,1,0,0,0.00000,0.54330,1,-0.81695,1,0.15254,0.12846,0.07723,0.12871,0.10317,t_shape,clutter_safe,0.3800,0.18000,-0.29927
no_object_energy,combined_composition_shift,3,4,0,0.02009,0.07494,0.10485,1,1,0,50.00755,1.83626,0,-1.19844,1,0.16237,0.12863,0.00148,0.00247,0.09483,t_shape,clutter_safe,0.3800,0.18000,-0.39090
no_object_energy,combined_composition_shift,3,5,0,0.15773,0.03374,0.03374,0,1,0,54.73383,3.65895,0,-0.50030,1,0.15972,0.13124,0.00000,0.00000,0.10477,t_shape,clutter_safe,0.3800,0.18000,0.17421
no_object_energy,combined_composition_shift,3,6,0,-0.00206,0.08338,0.13544,1,1,0,8.96253,0.63035,0,-1.20043,1,0.17151,0.12739,0.02965,0.04942,0.12959,t_shape,clutter_safe,0.3800,0.18000,0.24194
no_object_energy,combined_composition_shift,3,7,0,0.15638,0.04869,0.04869,0,1,0,76.47148,5.80460,0,-0.53144,1,0.13073,0.12806,0.00000,0.00000,0.11406,t_shape,clutter_safe,0.3800,0.18000,-0.33982
no_object_energy,combined_composition_shift,3,8,0,0.10619,0.03432,0.03432,0,1,0,65.05647,3.96460,0,-0.50149,1,0.19684,0.12915,0.00000,0.00000,0.11796,t_shape,clutter_safe,0.3800,0.18000,0.00113
no_object_energy,combined_composition_shift,3,9,0,-0.00206,0.03605,0.08810,1,1,0,36.42814,1.29676,0,-1.16355,1,0.10773,0.13192,0.00000,0.00000,0.12099,t_shape,clutter_safe,0.3800,0.18000,0.26533
no_object_energy,combined_composition_shift,4,0,1,0.16128,0.01111,0.01111,0,0,0,69.55146,5.78679,1,0.89686,1,0.10716,0.12911,0.00000,0.00000,0.13332,t_shape,clutter_safe,0.3800,0.18000,2.96409
no_object_energy,combined_composition_shift,4,1,0,-0.00206,0.04657,0.09863,1,1,0,56.72578,1.74515,0,-1.18548,1,0.21742,0.13615,0.00000,0.00000,0.10509,t_shape,clutter_safe,0.3800,0.18000,-3.07228
no_object_energy,combined_composition_shift,4,2,0,0.03198,0.06341,0.08143,1,1,0,51.45127,2.26144,0,-1.14964,1,0.19699,0.13405,0.00000,0.00000,0.11635,t_shape,clutter_safe,0.3800,0.18000,0.08237
no_object_energy,combined_composition_shift,4,3,0,0.06649,0.00135,0.00135,1,1,0,63.00071,4.07904,0,-0.98282,1,0.18094,0.12752,0.00000,0.00000,0.09744,t_shape,clutter_safe,0.3800,0.18000,-0.10251
no_object_energy,combined_composition_shift,4,4,0,-0.00206,0.22065,0.27271,1,0,0,0.00000,0.57268,1,-0.84581,1,0.19691,0.13154,0.00000,0.00000,0.09947,t_shape,clutter_safe,0.3800,0.18000,-0.10499
no_object_energy,combined_composition_shift,4,5,0,0.10350,0.08012,0.08012,0,1,0,73.65546,4.66046,0,-0.59691,1,0.18350,0.13789,0.00000,0.00000,0.10759,t_shape,clutter_safe,0.3800,0.18000,0.04711
no_object_energy,combined_composition_shift,4,6,0,-0.00206,0.31811,0.37017,1,1,0,0.00000,0.56514,0,-1.19521,1,0.25766,0.13034,0.00000,0.00000,0.19353,t_shape,clutter_safe,0.3800,0.18000,-0.22634
no_object_energy,combined_composition_shift,4,7,0,0.15228,0.05550,0.05550,0,1,0,71.16565,5.63220,0,-0.54562,1,0.12352,0.13260,0.00000,0.00000,0.15529,t_shape,clutter_safe,0.3800,0.18000,-0.25657
no_object_energy,combined_composition_shift,4,8,0,0.15637,0.04429,0.04429,0,1,0,78.45654,6.38501,0,-0.52226,1,0.12442,0.13099,0.00000,0.00000,0.11892,t_shape,clutter_safe,0.3800,0.18000,0.05472
no_object_energy,combined_composition_shift,4,9,0,0.16003,0.02581,0.02581,0,1,0,66.87279,5.50869,0,-0.48378,1,0.11005,0.12866,0.00000,0.00000,0.10708,t_shape,clutter_safe,0.3800,0.18000,0.03560
no_contact_energy,combined_composition_shift,0,0,0,0.12351,0.02674,0.02674,0,1,0,76.17255,4.25741,0,-0.48571,1,0.13998,0.12814,0.00000,0.00000,0.11345,t_shape,clutter_safe,0.3800,0.18000,-0.08854
no_contact_energy,combined_composition_shift,0,1,0,-0.00206,0.08627,0.13833,1,0,0,5.82700,0.58709,1,-0.84697,1,0.12823,0.13281,0.00000,0.00000,0.10590,t_shape,clutter_safe,0.3800,0.18000,0.04754
no_contact_energy,combined_composition_shift,0,2,0,0.16014,0.02422,0.02422,0,1,0,65.26654,5.39506,0,-0.48046,1,0.15430,0.12774,0.00000,0.00000,0.14665,t_shape,clutter_safe,0.3800,0.18000,2.83481
no_contact_energy,combined_composition_shift,0,3,1,0.16118,0.05980,0.05980,0,0,0,69.63205,5.76788,1,0.79541,1,0.06981,0.13154,0.08018,0.13363,0.11064,t_shape,clutter_safe,0.3800,0.18000,-0.29183
no_contact_energy,combined_composition_shift,0,4,0,-0.00206,0.02015,0.07221,1,1,0,58.90564,2.51251,0,-1.13044,1,0.10280,0.13198,0.00000,0.00000,0.09150,t_shape,clutter_safe,0.3800,0.18000,-2.99576
no_contact_energy,combined_composition_shift,0,5,0,0.16231,0.03802,0.03802,0,1,0,52.13538,3.55391,0,-0.50920,1,0.07477,0.13140,0.01174,0.01957,0.10796,t_shape,clutter_safe,0.3800,0.18000,0.25965
no_contact_energy,combined_composition_shift,0,6,0,-0.00206,0.06723,0.11929,1,1,0,0.98718,0.54027,0,-1.19175,1,0.11972,0.12837,0.00000,0.00000,0.16617,t_shape,clutter_safe,0.3800,0.18000,-0.27489
no_contact_energy,combined_composition_shift,0,7,0,0.02672,0.07105,0.09433,1,1,0,69.99843,2.60950,0,-1.17651,1,0.02770,0.13661,0.07295,0.12158,0.10584,t_shape,clutter_safe,0.3800,0.18000,0.12536
no_contact_energy,combined_composition_shift,0,8,0,0.12050,0.08276,0.08276,0,1,0,60.53374,3.64185,0,-0.60241,1,0.15716,0.13347,0.00000,0.00000,0.09513,t_shape,clutter_safe,0.3800,0.18000,3.00998
no_contact_energy,combined_composition_shift,0,9,0,-0.00206,0.08751,0.13956,1,1,0,5.32978,0.56283,0,-1.19503,1,0.21674,0.12620,0.00000,0.00000,0.11628,t_shape,clutter_safe,0.3800,0.18000,0.01840
no_contact_energy,combined_composition_shift,1,0,0,-0.00206,0.07275,0.12481,1,1,0,7.56291,0.65955,0,-1.20276,1,0.21610,0.13594,0.00000,0.00000,0.11553,t_shape,clutter_safe,0.3800,0.18000,-0.10838
no_contact_energy,combined_composition_shift,1,1,0,0.16288,0.10750,0.10750,0,1,0,51.04025,3.85802,0,-0.65396,1,0.17866,0.13397,0.00000,0.00000,0.09806,t_shape,clutter_safe,0.3800,0.18000,0.34376
no_contact_energy,combined_composition_shift,1,2,1,0.16235,0.02215,0.02215,0,0,0,75.00416,6.17668,1,0.87384,1,0.15265,0.12712,0.00000,0.00000,0.13645,t_shape,clutter_safe,0.3800,0.18000,-0.02315
no_contact_energy,combined_composition_shift,1,3,0,0.05622,0.11436,0.11436,1,1,0,78.46582,4.99645,0,-1.21825,1,0.22845,0.12892,0.00000,0.00000,0.10965,t_shape,clutter_safe,0.3800,0.18000,-0.02065
no_contact_energy,combined_composition_shift,1,4,0,-0.00206,0.10570,0.15776,1,0,0,36.08848,0.93789,1,-0.87503,1,0.22655,0.12752,0.00000,0.00000,0.11429,t_shape,clutter_safe,0.3800,0.18000,-0.01949
no_contact_energy,combined_composition_shift,1,5,0,0.06463,0.05421,0.05421,1,1,0,68.67408,3.15618,0,-1.09295,1,0.20465,0.13566,0.00000,0.00000,0.14215,t_shape,clutter_safe,0.3800,0.18000,2.87729
no_contact_energy,combined_composition_shift,1,6,0,0.15863,0.03565,0.03565,0,1,0,58.01672,4.73927,0,-0.50426,1,0.08023,0.12992,0.00803,0.01338,0.09990,t_shape,clutter_safe,0.3800,0.18000,0.07924
no_contact_energy,combined_composition_shift,1,7,0,0.15724,0.03434,0.03434,0,1,0,75.88316,6.20310,0,-0.50155,1,0.15397,0.13061,0.00000,0.00000,0.09745,t_shape,clutter_safe,0.3800,0.18000,-0.00325
no_contact_energy,combined_composition_shift,1,8,0,0.16325,0.01842,0.01842,0,1,0,82.77671,6.42459,0,-0.46837,1,0.20472,0.12804,0.00000,0.00000,0.17849,t_shape,clutter_safe,0.3800,0.18000,-0.33273
no_contact_energy,combined_composition_shift,1,9,0,-0.00206,0.04830,0.10035,1,1,0,33.25418,1.16232,0,-1.18907,1,0.13909,0.13472,0.02304,0.03840,0.10711,t_shape,clutter_safe,0.3800,0.18000,-2.87852
no_contact_energy,combined_composition_shift,2,0,0,0.15776,0.07980,0.07980,0,1,0,79.16293,6.56453,0,-0.59626,1,0.17251,0.13274,0.00000,0.00000,0.11278,t_shape,clutter_safe,0.3800,0.18000,-3.04234
no_contact_energy,combined_composition_shift,2,1,0,0.02070,0.06294,0.09224,1,1,0,73.51627,2.61623,0,-1.17217,1,0.22205,0.13196,0.00000,0.00000,0.09657,t_shape,clutter_safe,0.3800,0.18000,0.09718
no_contact_energy,combined_composition_shift,2,2,0,0.02395,0.07953,0.10558,1,1,0,44.02100,1.96071,0,-1.19996,1,0.17753,0.13184,0.00000,0.00000,0.11672,t_shape,clutter_safe,0.3800,0.18000,-0.28415
no_contact_energy,combined_composition_shift,2,3,0,0.16175,0.06171,0.06171,0,1,0,74.90569,6.02255,0,-0.55856,1,0.11073,0.12846,0.05821,0.09702,0.10104,t_shape,clutter_safe,0.3800,0.18000,-0.13650
no_contact_energy,combined_composition_shift,2,4,0,0.16331,0.01319,0.01319,0,1,0,64.81275,5.18011,0,-0.45748,1,0.12793,0.13051,0.00000,0.00000,0.13048,t_shape,clutter_safe,0.3800,0.18000,2.88515
no_contact_energy,combined_composition_shift,2,5,0,0.16026,0.07659,0.07659,0,1,0,65.32305,5.40592,0,-0.58956,1,0.06510,0.13318,0.00000,0.00000,0.10251,t_shape,clutter_safe,0.3800,0.18000,0.13212
no_contact_energy,combined_composition_shift,2,6,0,0.02359,0.08302,0.10943,1,1,0,49.92404,2.00432,0,-1.20799,1,0.16632,0.13113,0.00000,0.00000,0.11020,t_shape,clutter_safe,0.3800,0.18000,-0.21604
no_contact_energy,combined_composition_shift,2,7,1,0.16191,0.02342,0.02342,0,0,0,72.60674,6.05163,1,0.87120,1,0.11207,0.12844,0.00000,0.00000,0.10876,t_shape,clutter_safe,0.3800,0.18000,0.05822
no_contact_energy,combined_composition_shift,2,8,0,0.04170,0.04711,0.05541,1,1,0,62.17099,2.50739,0,-1.09543,1,0.20506,0.12787,0.00000,0.00000,0.10776,t_shape,clutter_safe,0.3800,0.18000,-0.08764
no_contact_energy,combined_composition_shift,2,9,1,0.16225,0.01734,0.01734,0,0,0,74.04096,6.10036,1,0.88387,1,0.15238,0.12813,0.03279,0.05465,0.12299,t_shape,clutter_safe,0.3800,0.18000,-0.17073
no_contact_energy,combined_composition_shift,3,0,0,0.15637,0.05691,0.05691,0,1,0,47.31416,2.95057,0,-0.54856,1,0.04662,0.13579,0.00000,0.00000,0.10653,t_shape,clutter_safe,0.3800,0.18000,0.10420
no_contact_energy,combined_composition_shift,3,1,0,0.14206,0.06840,0.06840,0,1,0,89.53821,5.80742,0,-0.57249,1,0.14662,0.13203,0.00000,0.00000,0.11849,t_shape,clutter_safe,0.3800,0.18000,2.94005
no_contact_energy,combined_composition_shift,3,2,0,0.07381,0.02684,0.02684,0,1,0,44.94509,3.13759,0,-0.48591,1,0.14792,0.13106,0.00000,0.00000,0.11183,t_shape,clutter_safe,0.3800,0.18000,0.09228
no_contact_energy,combined_composition_shift,3,3,0,0.15439,0.06864,0.06864,0,1,0,42.27654,3.33287,0,-0.57299,1,0.18763,0.12777,0.00000,0.00000,0.12014,t_shape,clutter_safe,0.3800,0.18000,0.01972
no_contact_energy,combined_composition_shift,3,4,0,0.15028,0.07257,0.07257,0,1,0,63.64510,5.14203,0,-0.58119,1,0.05317,0.13129,0.00000,0.00000,0.10119,t_shape,clutter_safe,0.3800,0.18000,-0.04146
no_contact_energy,combined_composition_shift,3,5,0,0.05764,0.00764,0.00764,1,1,0,78.70774,4.39684,0,-0.99592,1,0.18672,0.13080,0.00000,0.00000,0.10016,t_shape,clutter_safe,0.3800,0.18000,-0.06211
no_contact_energy,combined_composition_shift,3,6,0,0.02483,0.06680,0.09196,1,1,0,52.64351,2.06463,0,-1.17159,1,0.16553,0.12809,0.00000,0.00000,0.12026,t_shape,clutter_safe,0.3800,0.18000,-0.43181
no_contact_energy,combined_composition_shift,3,7,0,0.16186,0.10021,0.10021,0,1,0,65.30782,5.29858,0,-0.63877,1,0.04589,0.13702,0.00000,0.00000,0.12372,t_shape,clutter_safe,0.3800,0.18000,3.11398
no_contact_energy,combined_composition_shift,3,8,0,-0.00181,0.09639,0.14820,1,1,0,26.89460,0.80312,0,-1.21425,1,0.16775,0.13444,0.00000,0.00000,0.14883,t_shape,clutter_safe,0.3800,0.18000,0.42016
no_contact_energy,combined_composition_shift,3,9,0,-0.00206,0.07397,0.12602,1,0,0,4.66304,0.56923,1,-0.84554,1,0.11676,0.13117,0.00000,0.00000,0.09319,t_shape,clutter_safe,0.3800,0.17971,0.01527
no_contact_energy,combined_composition_shift,4,0,0,0.07062,0.07535,0.07535,0,1,0,29.29877,2.18768,0,-0.58698,1,0.24272,0.13518,0.00000,0.00000,0.15943,t_shape,clutter_safe,0.3800,0.17600,2.89550
no_contact_energy,combined_composition_shift,4,1,0,-0.00206,0.09309,0.14515,1,1,0,41.55209,2.14313,0,-1.23000,1,0.18197,0.12651,0.00000,0.00000,0.08914,t_shape,clutter_safe,0.3800,0.17360,-0.04403
no_contact_energy,combined_composition_shift,4,2,0,0.15149,0.08287,0.08287,0,1,0,78.75495,5.96676,0,-0.60265,1,0.14512,0.13679,0.04844,0.08073,0.12271,t_shape,clutter_safe,0.3800,0.18000,0.13512
no_contact_energy,combined_composition_shift,4,3,0,0.10146,0.13065,0.13065,0,1,0,83.37305,4.29324,0,-0.68000,1,0.22326,0.13729,0.05757,0.09595,0.14688,t_shape,clutter_safe,0.3800,0.18000,-0.05493
no_contact_energy,combined_composition_shift,4,4,0,-0.00206,0.06984,0.12190,1,0,0,5.10904,0.60739,1,-0.84859,1,0.17693,0.13387,0.00612,0.01020,0.13609,t_shape,clutter_safe,0.3800,0.18000,-0.03709
no_contact_energy,combined_composition_shift,4,5,0,0.15842,0.01844,0.01844,0,1,0,78.13100,6.42632,0,-0.46842,1,0.19998,0.12910,0.06170,0.10284,0.10718,t_shape,clutter_safe,0.3800,0.18000,0.14540
no_contact_energy,combined_composition_shift,4,6,0,-0.00291,0.08504,0.13796,1,1,0,46.44490,2.65251,0,-1.23000,1,0.24431,0.17431,0.05311,0.08851,0.08416,t_shape,clutter_safe,0.3800,0.12311,1.39793
no_contact_energy,combined_composition_shift,4,7,0,0.15982,0.01430,0.01430,0,1,0,74.34519,6.14797,0,-0.45978,1,0.16560,0.12602,0.00000,0.00000,0.12846,t_shape,clutter_safe,0.3800,0.18000,-0.16887
no_contact_energy,combined_composition_shift,4,8,0,0.15763,0.03346,0.03346,0,1,0,76.46970,6.28461,0,-0.49971,1,0.18869,0.13059,0.00000,0.00000,0.09578,t_shape,clutter_safe,0.3800,0.18000,0.08831
no_contact_energy,combined_composition_shift,4,9,0,0.06091,0.07517,0.07517,1,1,0,36.98334,1.94534,0,-1.13661,1,0.14841,0.13259,0.03645,0.06074,0.11390,t_shape,clutter_safe,0.3800,0.18000,0.26947
no_task_energy,combined_composition_shift,0,0,0,0.09156,0.06011,0.06011,0,1,0,52.60370,2.93052,0,-0.55523,1,0.17048,0.13427,0.00000,0.00000,0.11104,t_shape,clutter_safe,0.3800,0.18000,-0.36694
no_task_energy,combined_composition_shift,0,1,0,-0.00206,0.06032,0.11237,1,1,0,27.58724,1.02122,0,-1.21411,1,0.22499,0.12698,0.00000,0.00000,0.11320,t_shape,clutter_safe,0.3800,0.18000,-0.06682
no_task_energy,combined_composition_shift,0,2,0,0.12068,0.09181,0.09181,0,1,0,64.92136,4.05764,0,-0.62128,1,0.18001,0.13476,0.00000,0.00000,0.10703,t_shape,clutter_safe,0.3800,0.18000,-0.19093
no_task_energy,combined_composition_shift,0,3,0,-0.00605,0.09468,0.15073,1,1,0,45.08129,2.58717,0,-1.23000,1,0.14870,0.13268,0.00000,0.00000,0.14637,t_shape,clutter_safe,0.3800,0.18000,0.28690
no_task_energy,combined_composition_shift,0,4,1,0.16199,0.03427,0.03427,0,0,0,79.58976,6.63837,1,0.84861,1,0.13427,0.12964,0.00000,0.00000,0.09803,t_shape,clutter_safe,0.3800,0.18000,-0.11331
no_task_energy,combined_composition_shift,0,5,0,0.13129,0.08184,0.08184,0,1,0,85.74249,6.75528,0,-0.60050,1,0.18327,0.13579,0.00000,0.00000,0.11908,t_shape,clutter_safe,0.3800,0.18000,-0.35567
no_task_energy,combined_composition_shift,0,6,0,-0.00206,0.10011,0.15217,1,0,0,8.41908,0.61120,1,-0.84890,1,0.19948,0.13028,0.08007,0.13346,0.11643,t_shape,clutter_safe,0.3800,0.18000,-0.27341
no_task_energy,combined_composition_shift,0,7,0,0.15556,0.02760,0.02760,0,1,0,63.54459,5.05267,0,-0.48750,1,0.09242,0.13072,0.00439,0.00732,0.12972,t_shape,clutter_safe,0.3800,0.18000,0.12356
no_task_energy,combined_composition_shift,0,8,0,0.15679,0.00307,0.00307,0,1,0,71.76267,5.56463,0,-0.43640,1,0.10260,0.13073,0.00000,0.00000,0.14174,t_shape,clutter_safe,0.3800,0.18000,3.05071
no_task_energy,combined_composition_shift,0,9,0,0.02846,0.05171,0.07326,1,1,0,39.71709,2.49856,0,-1.13262,1,0.15342,0.12932,0.00000,0.00000,0.10193,t_shape,clutter_safe,0.3800,0.18000,2.99659
no_task_energy,combined_composition_shift,1,0,0,-0.00206,0.07160,0.12366,1,0,0,12.59292,0.65460,1,-0.85237,1,0.18810,0.12923,0.00000,0.00000,0.10418,t_shape,clutter_safe,0.3800,0.18000,-3.10691
no_task_energy,combined_composition_shift,1,1,0,0.15615,0.04934,0.04934,0,1,0,73.85115,5.99205,0,-0.53280,1,0.08635,0.13136,0.00000,0.00000,0.10061,t_shape,clutter_safe,0.3800,0.18000,-0.03692
no_task_energy,combined_composition_shift,1,2,0,-0.00206,0.08618,0.13824,1,0,0,2.87741,0.60699,1,-0.84856,1,0.13092,0.13577,0.00000,0.00000,0.13890,t_shape,clutter_safe,0.3800,0.18000,3.02311
no_task_energy,combined_composition_shift,1,3,0,-0.00206,0.08151,0.13356,1,1,0,8.73806,0.63732,0,-1.20099,1,0.11844,0.13014,0.00000,0.00000,0.11707,t_shape,clutter_safe,0.3800,0.18000,-0.46415
no_task_energy,combined_composition_shift,1,4,0,-0.00206,0.04105,0.09310,1,1,0,26.50593,0.99748,0,-1.17377,1,0.09428,0.13072,0.03306,0.05510,0.10943,t_shape,clutter_safe,0.3800,0.18000,0.41904
no_task_energy,combined_composition_shift,1,5,0,-0.00207,0.07550,0.12757,1,1,0,27.26000,1.65722,0,-1.23000,1,0.16934,0.12750,0.06981,0.11635,0.15273,t_shape,clutter_safe,0.3800,0.18000,0.94741
no_task_energy,combined_composition_shift,1,6,0,-0.00206,0.08887,0.14093,1,1,0,9.41259,0.68627,0,-1.20490,1,0.16050,0.13466,0.00000,0.00000,0.12948,t_shape,clutter_safe,0.3800,0.18000,0.34520
no_task_energy,combined_composition_shift,1,7,0,-0.00206,0.06922,0.12127,1,1,0,10.63450,0.63755,0,-1.20100,1,0.10633,0.13039,0.00000,0.00000,0.14209,t_shape,clutter_safe,0.3800,0.18000,-2.86856
no_task_energy,combined_composition_shift,1,8,1,0.16230,0.06318,0.06318,0,0,0,65.52164,5.42276,1,0.78837,1,0.06778,0.13155,0.00000,0.00000,0.10683,t_shape,clutter_safe,0.3800,0.18000,0.16375
no_task_energy,combined_composition_shift,1,9,0,0.02878,0.06791,0.08913,1,1,0,20.21932,1.04442,0,-1.16569,1,0.07369,0.13138,0.00000,0.00000,0.14925,t_shape,clutter_safe,0.3800,0.18000,-0.16846
no_task_energy,combined_composition_shift,2,0,0,0.16009,0.06210,0.06210,0,1,0,60.32989,4.29537,0,-0.55938,1,0.21294,0.13487,0.00000,0.00000,0.11886,t_shape,clutter_safe,0.3800,0.18000,-2.88816
no_task_energy,combined_composition_shift,2,1,0,-0.00206,0.09051,0.14257,1,1,0,6.07600,0.61893,0,-1.19951,1,0.18791,0.13292,0.00808,0.01347,0.09247,t_shape,clutter_safe,0.3800,0.17795,-0.16510
no_task_energy,combined_composition_shift,2,2,0,0.11768,0.06065,0.06065,0,1,0,73.93672,4.38614,0,-0.55635,1,0.22231,0.12880,0.00000,0.00000,0.11700,t_shape,clutter_safe,0.3800,0.18000,3.04518
no_task_energy,combined_composition_shift,2,3,0,0.12253,0.03369,0.03369,0,1,0,64.95158,4.73664,0,-0.50019,1,0.11619,0.13089,0.03347,0.05579,0.10394,t_shape,clutter_safe,0.3800,0.18000,-0.18667
no_task_energy,combined_composition_shift,2,4,0,0.15976,0.04177,0.04177,0,1,0,69.71652,5.75105,0,-0.51701,1,0.16159,0.13093,0.00000,0.00000,0.11684,t_shape,clutter_safe,0.3800,0.18000,-0.02670
no_task_energy,combined_composition_shift,2,5,0,0.16046,0.03531,0.03531,0,1,0,58.02865,3.72622,0,-0.50357,1,0.18077,0.13153,0.00000,0.00000,0.11465,t_shape,clutter_safe,0.3800,0.18000,0.18934
no_task_energy,combined_composition_shift,2,6,0,0.16108,0.00771,0.00771,0,1,0,76.90407,6.37459,0,-0.44607,1,0.10816,0.12893,0.00000,0.00000,0.09883,t_shape,clutter_safe,0.3800,0.18000,0.10489
no_task_energy,combined_composition_shift,2,7,0,0.00128,0.08005,0.12877,1,1,0,42.87879,1.26239,0,-1.23000,1,0.18929,0.13297,0.00000,0.00000,0.12540,t_shape,clutter_safe,0.3800,0.18000,0.44001
no_task_energy,combined_composition_shift,2,8,0,0.00654,0.04361,0.08707,1,1,0,49.44104,1.78609,0,-1.16139,1,0.09870,0.12850,0.00000,0.00000,0.15245,t_shape,clutter_safe,0.3800,0.18000,-0.33336
no_task_energy,combined_composition_shift,2,9,0,-0.00206,0.08770,0.13976,1,1,0,30.19520,0.77821,0,-1.21226,1,0.20509,0.13192,0.00000,0.00000,0.09594,t_shape,clutter_safe,0.3800,0.18000,-0.19678
no_task_energy,combined_composition_shift,3,0,1,0.15185,0.01644,0.01644,0,0,0,72.38022,5.99354,1,0.88575,1,0.16899,0.12710,0.00295,0.00492,0.09724,t_shape,clutter_safe,0.3800,0.18000,2.84736
no_task_energy,combined_composition_shift,3,1,0,-0.00206,0.07804,0.13010,1,1,0,0.00000,0.59417,0,-1.19753,1,0.13944,0.13578,0.00000,0.00000,0.11257,t_shape,clutter_safe,0.3800,0.18000,3.05966
no_task_energy,combined_composition_shift,3,2,0,0.16290,0.04570,0.04570,0,1,0,73.25954,5.73339,0,-0.52521,1,0.15506,0.13384,0.00000,0.00000,0.11866,t_shape,clutter_safe,0.3800,0.18000,-0.04729
no_task_energy,combined_composition_shift,3,3,0,0.08741,0.08999,0.08999,0,1,0,57.64929,2.87698,0,-0.61748,1,0.16389,0.13540,0.00000,0.00000,0.10402,t_shape,clutter_safe,0.3800,0.18000,0.43211
no_task_energy,combined_composition_shift,3,4,0,0.16165,0.06889,0.06889,0,1,0,67.47810,5.62146,0,-0.57353,1,0.09742,0.13154,0.00000,0.00000,0.11290,t_shape,clutter_safe,0.3800,0.18000,-3.04472
no_task_energy,combined_composition_shift,3,5,0,0.07976,0.07064,0.07064,0,1,0,58.56506,2.97891,0,-0.57716,1,0.16301,0.13283,0.00000,0.00000,0.11918,t_shape,clutter_safe,0.3800,0.18000,2.81650
no_task_energy,combined_composition_shift,3,6,0,-0.00206,0.13967,0.19172,1,0,0,49.92761,1.16558,1,-0.88000,1,0.07539,0.12978,0.00000,0.00000,0.12269,t_shape,clutter_safe,0.3800,0.18000,3.00310
no_task_energy,combined_composition_shift,3,7,0,-0.00493,0.01035,0.06528,1,1,0,53.61943,2.17847,0,-1.11600,1,0.19303,0.13353,0.00474,0.00790,0.11458,t_shape,clutter_safe,0.3800,0.18000,2.73962
no_task_energy,combined_composition_shift,3,8,0,0.13236,0.11471,0.11471,0,1,0,77.38186,4.48475,0,-0.66898,1,0.19519,0.13491,0.00000,0.00000,0.10057,t_shape,clutter_safe,0.3800,0.18000,0.21180
no_task_energy,combined_composition_shift,3,9,1,0.16012,0.00656,0.00656,0,0,0,68.73913,5.68944,1,0.90634,1,0.15688,0.12804,0.00000,0.00000,0.10513,t_shape,clutter_safe,0.3800,0.18000,0.09215
no_task_energy,combined_composition_shift,4,0,0,0.16314,0.03193,0.03193,0,1,0,75.37248,6.14088,0,-0.49651,1,0.20142,0.13272,0.00000,0.00000,0.14521,t_shape,clutter_safe,0.3800,0.18000,-0.20771
no_task_energy,combined_composition_shift,4,1,0,-0.00206,0.08716,0.13922,1,1,0,9.43174,0.69956,0,-1.20596,1,0.19355,0.13720,0.00000,0.00000,0.15976,t_shape,clutter_safe,0.3800,0.18000,2.84854
no_task_energy,combined_composition_shift,4,2,0,0.13965,0.10421,0.10421,0,1,0,64.11600,5.25466,0,-0.64711,1,0.05951,0.13356,0.00000,0.00000,0.11588,t_shape,clutter_safe,0.3800,0.18000,-3.13224
no_task_energy,combined_composition_shift,4,3,0,-0.00207,0.06305,0.11512,1,1,0,38.37500,2.40727,0,-1.21983,1,0.19890,0.12664,0.00000,0.00000,0.19969,t_shape,clutter_safe,0.3800,0.18000,-2.65121
no_task_energy,combined_composition_shift,4,4,0,-0.00206,0.04505,0.09710,1,1,0,15.38343,0.66277,0,-1.15532,1,0.12592,0.13032,0.00000,0.00000,0.11308,t_shape,clutter_safe,0.3800,0.18000,3.04184
no_task_energy,combined_composition_shift,4,5,0,-0.00206,0.06593,0.11798,1,1,0,0.00000,0.57644,0,-1.19192,1,0.14827,0.13500,0.00000,0.00000,0.13129,t_shape,clutter_safe,0.3800,0.18000,-3.01870
no_task_energy,combined_composition_shift,4,6,0,0.16416,0.03923,0.03923,0,1,0,65.36808,5.11657,0,-0.51174,1,0.08428,0.13396,0.00000,0.00000,0.16667,t_shape,clutter_safe,0.3800,0.18000,-3.11185
no_task_energy,combined_composition_shift,4,7,0,0.15829,0.03124,0.03124,0,1,0,73.52808,6.05924,0,-0.49508,1,0.12966,0.12977,0.00000,0.00000,0.11241,t_shape,clutter_safe,0.3800,0.18000,2.97981
no_task_energy,combined_composition_shift,4,8,0,0.15363,0.07597,0.07597,0,1,0,80.31010,6.23466,0,-0.58828,1,0.21094,0.13573,0.00000,0.00000,0.11230,t_shape,clutter_safe,0.3800,0.18000,-0.02055
no_task_energy,combined_composition_shift,4,9,0,0.14035,0.09374,0.09374,0,1,0,104.77419,6.36291,0,-0.62530,1,0.16256,0.13474,0.03810,0.06349,0.13704,t_shape,clutter_safe,0.3800,0.18000,3.08436
no_collision_energy,combined_composition_shift,0,0,1,0.15891,0.02967,0.02967,0,0,0,69.27245,5.71539,1,0.85818,1,0.15025,0.12763,0.00000,0.00000,0.12114,t_shape,clutter_safe,0.3800,0.18000,-0.19281
no_collision_energy,combined_composition_shift,0,1,0,0.08622,0.06431,0.06431,0,1,0,59.63511,4.45806,0,-0.56398,1,0.20780,0.12753,0.00000,0.00000,0.09645,t_shape,clutter_safe,0.3800,0.18000,3.12092
no_collision_energy,combined_composition_shift,0,2,1,0.16217,0.00710,0.00710,0,0,0,73.37354,6.09775,1,0.90522,1,0.11754,0.12632,0.00000,0.00000,0.10672,t_shape,clutter_safe,0.3800,0.18000,3.08506
no_collision_energy,combined_composition_shift,0,3,0,0.14262,0.07429,0.07429,0,1,0,100.48411,6.30400,0,-0.58476,1,0.14741,0.13347,0.00000,0.00000,0.13869,t_shape,clutter_safe,0.3800,0.18000,-0.06386
no_collision_energy,combined_composition_shift,0,4,0,-0.00206,0.04538,0.09744,1,1,0,62.11751,1.79213,0,-1.18300,1,0.14430,0.13377,0.00000,0.00000,0.06658,t_shape,clutter_safe,0.3800,0.17207,-0.02765
no_collision_energy,combined_composition_shift,0,5,0,0.15783,0.03871,0.03871,0,1,0,63.41560,3.71747,0,-0.51064,1,0.12831,0.13031,0.08468,0.14113,0.10338,t_shape,clutter_safe,0.3800,0.18000,0.36744
no_collision_energy,combined_composition_shift,0,6,0,0.03871,0.12800,0.13929,1,1,0,52.53380,2.11212,0,-1.23000,1,0.18029,0.13663,0.03156,0.05259,0.10289,t_shape,clutter_safe,0.3800,0.18000,-0.12451
no_collision_energy,combined_composition_shift,0,7,0,0.09507,0.06298,0.06298,0,1,0,65.84074,3.96464,0,-0.56122,1,0.16460,0.13491,0.00000,0.00000,0.10060,t_shape,clutter_safe,0.3800,0.18000,0.03872
no_collision_energy,combined_composition_shift,0,8,0,0.14931,0.09189,0.09189,0,1,0,71.77180,5.50540,0,-0.62143,1,0.11174,0.13103,0.00000,0.00000,0.13746,t_shape,clutter_safe,0.3800,0.18000,-0.06711
no_collision_energy,combined_composition_shift,0,9,0,0.16225,0.06675,0.06675,0,1,0,64.88113,5.33564,0,-0.56905,1,0.11339,0.13370,0.00000,0.00000,0.11608,t_shape,clutter_safe,0.3800,0.18000,2.85776
no_collision_energy,combined_composition_shift,1,0,0,0.16215,0.01182,0.01182,0,1,0,68.60953,5.68949,0,-0.45463,1,0.10598,0.12650,0.00000,0.00000,0.10724,t_shape,clutter_safe,0.3800,0.18000,-0.09250
no_collision_energy,combined_composition_shift,1,1,0,-0.00206,1.07557,1.12763,1,0,0,0.00000,0.56898,1,-0.84552,1,0.22139,0.13180,0.00000,0.00000,0.11774,t_shape,clutter_safe,0.3800,0.18000,-0.09567
no_collision_energy,combined_composition_shift,1,2,0,0.06947,0.02850,0.02850,1,1,0,56.32820,3.72894,0,-1.03938,1,0.16747,0.12622,0.00000,0.00000,0.09946,t_shape,clutter_safe,0.3800,0.18000,-3.02457
no_collision_energy,combined_composition_shift,1,3,0,0.17237,0.03655,0.03655,0,1,0,17.55027,1.16413,0,-0.50615,1,0.15784,0.12903,0.02906,0.04843,0.08031,t_shape,clutter_safe,0.3800,0.17181,-2.83826
no_collision_energy,combined_composition_shift,1,4,0,0.15726,0.03964,0.03964,0,1,0,77.06557,6.28744,0,-0.51258,1,0.12164,0.13134,0.00760,0.01267,0.11181,t_shape,clutter_safe,0.3800,0.18000,2.81782
no_collision_energy,combined_composition_shift,1,5,0,0.03447,0.05809,0.07362,1,1,0,58.87467,2.07545,0,-1.13338,1,0.17429,0.12830,0.00000,0.00000,0.10348,t_shape,clutter_safe,0.3800,0.18000,-0.40237
no_collision_energy,combined_composition_shift,1,6,0,-0.00206,0.07750,0.12955,1,1,0,9.67358,0.67092,0,-1.20367,1,0.21384,0.23850,0.02373,0.03954,0.14901,t_shape,clutter_safe,0.3800,0.17609,2.72803
no_collision_energy,combined_composition_shift,1,7,0,0.12191,0.06726,0.06726,0,1,0,61.60535,3.58744,0,-0.57013,1,0.20488,0.12973,0.00000,0.00000,0.10010,t_shape,clutter_safe,0.3800,0.18000,-0.23108
no_collision_energy,combined_composition_shift,1,8,1,0.16143,0.00975,0.00975,0,0,0,58.58526,4.83631,1,0.89969,1,0.05034,0.12718,0.00000,0.00000,0.13279,t_shape,clutter_safe,0.3800,0.18000,-0.12256
no_collision_energy,combined_composition_shift,1,9,0,0.02623,0.08448,0.10825,1,1,0,31.37174,1.06406,0,-1.20552,1,0.11330,0.12838,0.00000,0.00000,0.12083,t_shape,clutter_safe,0.3800,0.18000,0.33656
no_collision_energy,combined_composition_shift,2,0,0,-0.00206,0.03515,0.08721,1,1,0,5.72535,0.58725,0,-1.12867,1,0.13461,0.13049,0.21093,0.35155,0.07256,t_shape,clutter_safe,0.3800,0.17365,1.41197
no_collision_energy,combined_composition_shift,2,1,0,-0.00206,0.78985,0.84190,1,1,0,0.00000,0.60888,0,-1.19871,1,0.17366,0.13771,0.00584,0.00973,0.13554,t_shape,clutter_safe,0.3800,0.18000,1.77371
no_collision_energy,combined_composition_shift,2,2,0,-0.00206,0.08578,0.13784,1,1,0,62.38013,2.46881,0,-1.23000,1,0.22633,0.13672,0.00000,0.00000,0.08267,t_shape,clutter_safe,0.3800,0.13434,1.79630
no_collision_energy,combined_composition_shift,2,3,0,-0.00206,0.03436,0.08642,1,1,0,46.33327,1.67853,0,-1.16004,1,0.11511,0.12623,0.00000,0.00000,0.09466,t_shape,clutter_safe,0.3800,0.18000,0.03356
no_collision_energy,combined_composition_shift,2,4,0,-0.00206,0.05383,0.10589,1,1,0,27.95059,1.41228,0,-1.20061,1,0.09144,0.12925,0.06369,0.10614,0.10308,t_shape,clutter_safe,0.3800,0.17940,0.34678
no_collision_energy,combined_composition_shift,2,5,0,-0.00206,0.06757,0.11963,1,1,0,12.53365,0.74174,0,-1.20857,1,0.09841,0.13582,0.07291,0.12152,0.14558,t_shape,clutter_safe,0.3800,0.18000,0.18172
no_collision_energy,combined_composition_shift,2,6,0,0.10660,0.11497,0.11497,0,1,0,83.66965,4.64032,0,-0.66952,1,0.17246,0.13724,0.00000,0.00000,0.11278,t_shape,clutter_safe,0.3800,0.18000,-3.05309
no_collision_energy,combined_composition_shift,2,7,0,0.14395,0.01645,0.01645,0,1,0,50.54558,3.63709,0,-0.46428,1,0.20117,0.12689,0.16410,0.27350,0.05385,t_shape,clutter_safe,0.3800,0.09297,2.24398
no_collision_energy,combined_composition_shift,2,8,1,0.16324,0.03062,0.03062,0,0,0,61.97799,5.06159,1,0.85620,1,0.07542,0.12697,0.00000,0.00000,0.11831,t_shape,clutter_safe,0.3800,0.17885,3.02294
no_collision_energy,combined_composition_shift,2,9,0,0.15580,0.04699,0.04699,0,1,0,80.37185,6.55598,0,-0.52790,1,0.13755,0.13173,0.01393,0.02322,0.11647,t_shape,clutter_safe,0.3800,0.18000,-0.10739
no_collision_energy,combined_composition_shift,3,0,0,-0.00207,0.04222,0.09430,1,1,0,50.10772,1.54809,0,-1.17645,1,0.05248,0.13399,0.02945,0.04908,0.09916,t_shape,clutter_safe,0.3800,0.18000,-3.02587
no_collision_energy,combined_composition_shift,3,1,0,0.16300,0.04749,0.04749,0,1,0,40.07530,3.25508,0,-0.52894,1,0.19820,0.12600,0.00000,0.00000,0.10710,t_shape,clutter_safe,0.3800,0.18000,0.12488
no_collision_energy,combined_composition_shift,3,2,0,0.14265,0.05632,0.05632,0,1,0,42.32317,2.24153,0,-0.54734,1,0.13593,0.13311,0.16394,0.27323,0.09633,t_shape,clutter_safe,0.3800,0.18000,-0.37659
no_collision_energy,combined_composition_shift,3,3,0,0.11232,0.02317,0.02317,0,1,0,49.56531,2.76864,0,-0.47827,1,0.14308,0.12947,0.00000,0.00000,0.13708,t_shape,clutter_safe,0.3800,0.18000,-0.19824
no_collision_energy,combined_composition_shift,3,4,0,0.16040,0.01869,0.01869,0,1,0,63.16472,5.20476,0,-0.46893,1,0.12808,0.12823,0.02382,0.03970,0.11405,t_shape,clutter_safe,0.3800,0.18000,0.07888
no_collision_energy,combined_composition_shift,3,5,0,0.15884,0.03051,0.03051,0,1,0,69.07821,5.69556,0,-0.49357,1,0.09126,0.12959,0.00000,0.00000,0.10117,t_shape,clutter_safe,0.3800,0.18000,3.02823
no_collision_energy,combined_composition_shift,3,6,0,0.15855,0.02795,0.02795,0,1,0,74.27648,6.08726,0,-0.48823,1,0.14165,0.12992,0.00000,0.00000,0.10316,t_shape,clutter_safe,0.3800,0.18000,-0.11643
no_collision_energy,combined_composition_shift,3,7,0,0.15756,0.06603,0.06603,0,1,0,77.33676,3.68212,0,-0.56756,1,0.17146,0.13614,0.00000,0.00000,0.12959,t_shape,clutter_safe,0.3800,0.18000,0.13947
no_collision_energy,combined_composition_shift,3,8,0,0.15155,0.08460,0.08460,0,1,0,64.69243,5.13781,0,-0.60626,1,0.06235,0.13338,0.05694,0.09490,0.10043,t_shape,clutter_safe,0.3800,0.18000,-0.14872
no_collision_energy,combined_composition_shift,3,9,0,0.15385,0.06008,0.06008,0,1,0,84.81153,6.89368,0,-0.55517,1,0.18668,0.13177,0.02491,0.04151,0.12528,t_shape,clutter_safe,0.3800,0.18000,0.02353
no_collision_energy,combined_composition_shift,4,0,0,-0.00206,0.08660,0.13866,1,1,0,5.85320,0.62049,0,-1.19964,1,0.14226,0.12919,0.10871,0.18119,0.11908,t_shape,clutter_safe,0.3800,0.18000,-0.17267
no_collision_energy,combined_composition_shift,4,1,0,0.15378,0.03993,0.03993,0,1,0,79.00444,6.45295,0,-0.51318,1,0.17994,0.13221,0.00000,0.00000,0.11046,t_shape,clutter_safe,0.3800,0.18000,0.07428
no_collision_energy,combined_composition_shift,4,2,0,0.15524,0.02262,0.02262,0,1,0,69.65348,5.67803,0,-0.47712,1,0.12427,0.12939,0.10492,0.17486,0.07700,t_shape,clutter_safe,0.3800,0.17551,-0.32584
no_collision_energy,combined_composition_shift,4,3,0,-0.00206,0.02594,0.07800,1,1,0,50.25031,2.02380,0,-1.14250,1,0.11843,0.12859,0.00000,0.00000,0.08775,t_shape,clutter_safe,0.3800,0.16773,2.62593
no_collision_energy,combined_composition_shift,4,4,0,0.12046,0.06074,0.06074,0,1,0,34.61607,2.04991,0,-0.55654,1,0.17259,0.13416,0.00010,0.00017,0.08394,t_shape,clutter_safe,0.3800,0.17283,-0.33404
no_collision_energy,combined_composition_shift,4,5,0,0.15836,0.03117,0.03117,0,1,0,74.36389,5.98363,0,-0.49493,1,0.18510,0.12969,0.00000,0.00000,0.11244,t_shape,clutter_safe,0.3800,0.18000,0.04101
no_collision_energy,combined_composition_shift,4,6,0,0.08833,0.09220,0.09220,0,1,0,46.46228,2.63094,0,-0.62208,1,0.11626,0.13575,0.01221,0.02035,0.09830,t_shape,clutter_safe,0.3800,0.18000,0.33602
no_collision_energy,combined_composition_shift,4,7,0,0.09978,0.08848,0.08848,0,1,0,81.07024,4.63974,0,-0.61433,1,0.22329,0.13272,0.00000,0.00000,0.12182,t_shape,clutter_safe,0.3800,0.18000,-0.02726
no_collision_energy,combined_composition_shift,4,8,0,-0.00206,0.03912,0.09118,1,1,0,25.10258,1.48025,0,-1.16995,1,0.11775,0.13025,0.17533,0.29222,0.09592,t_shape,clutter_safe,0.3800,0.18000,-0.32303
no_collision_energy,combined_composition_shift,4,9,0,0.15928,0.03223,0.03223,0,1,0,44.96099,2.88038,0,-0.49715,1,0.08609,0.13075,0.03073,0.05122,0.08422,t_shape,clutter_safe,0.3800,0.17367,0.28192
no_feasibility_energy,combined_composition_shift,0,0,0,0.16095,0.03992,0.03992,0,1,0,77.46084,6.20887,0,-0.51317,1,0.11099,0.13266,0.00000,0.00000,0.10872,t_shape,clutter_safe,0.3800,0.18000,0.01055
no_feasibility_energy,combined_composition_shift,0,1,0,0.15745,0.03633,0.03633,0,1,0,76.66551,6.32895,0,-0.50569,1,0.21155,0.12887,0.00000,0.00000,0.11304,t_shape,clutter_safe,0.3800,0.18000,-0.15959
no_feasibility_energy,combined_composition_shift,0,2,0,0.09744,0.10423,0.10423,0,1,0,74.49342,3.61664,0,-0.64714,1,0.22674,0.13778,0.00000,0.00000,0.14130,t_shape,clutter_safe,0.3800,0.18000,3.03663
no_feasibility_energy,combined_composition_shift,0,3,0,0.09176,0.05555,0.05555,0,1,0,53.96720,2.74736,0,-0.54574,1,0.11190,0.12902,0.00000,0.00000,0.12748,t_shape,clutter_safe,0.3800,0.18000,-3.06014
no_feasibility_energy,combined_composition_shift,0,4,0,-0.00206,0.07790,0.12996,1,1,0,19.45151,1.02473,0,-1.23000,1,0.16551,0.13017,0.00000,0.00000,0.12809,t_shape,clutter_safe,0.3800,0.18000,-0.11126
no_feasibility_energy,combined_composition_shift,0,5,0,-0.00206,0.09307,0.14513,1,1,0,30.97700,0.72931,0,-1.20834,1,0.17499,0.13034,0.00000,0.00000,0.09236,t_shape,clutter_safe,0.3800,0.18000,-3.13335
no_feasibility_energy,combined_composition_shift,0,6,0,0.15889,0.02628,0.02628,0,1,0,81.52500,6.78159,0,-0.48475,1,0.16875,0.12882,0.00000,0.00000,0.13016,t_shape,clutter_safe,0.3800,0.18000,-0.33325
no_feasibility_energy,combined_composition_shift,0,7,0,0.15797,0.01034,0.01034,0,1,0,71.10426,5.86580,0,-0.45154,1,0.20154,0.12659,0.01066,0.01776,0.12790,t_shape,clutter_safe,0.3800,0.18000,2.97641
no_feasibility_energy,combined_composition_shift,0,8,0,-0.00206,0.10792,0.15998,1,0,0,36.80452,1.55447,1,-0.88000,1,0.21097,0.13465,0.07554,0.12591,0.12351,t_shape,clutter_safe,0.3800,0.18000,-0.17547
no_feasibility_energy,combined_composition_shift,0,9,0,-0.00206,0.09142,0.14348,1,0,0,12.50715,0.64163,1,-0.85133,1,0.16888,0.13084,0.00000,0.00000,0.12139,t_shape,clutter_safe,0.3800,0.17974,3.08019
no_feasibility_energy,combined_composition_shift,1,0,0,0.02428,0.05876,0.08448,1,1,0,36.59773,1.85065,0,-1.15600,1,0.13726,0.13691,0.05135,0.08559,0.12077,t_shape,clutter_safe,0.3800,0.18000,1.44455
no_feasibility_energy,combined_composition_shift,1,1,0,0.15051,0.07157,0.07157,0,1,0,84.99126,6.53994,0,-0.57910,1,0.19413,0.13729,0.00000,0.00000,0.10329,t_shape,clutter_safe,0.3800,0.18000,-0.12555
no_feasibility_energy,combined_composition_shift,1,2,0,0.04775,0.07491,0.07716,1,1,0,49.44944,3.61887,0,-1.14075,1,0.12578,0.13166,0.03391,0.05651,0.10056,t_shape,clutter_safe,0.3800,0.18000,0.21641
no_feasibility_energy,combined_composition_shift,1,3,1,0.16041,0.01451,0.01451,0,0,0,74.98119,6.20585,1,0.88976,1,0.21447,0.12665,0.00000,0.00000,0.12132,t_shape,clutter_safe,0.3800,0.18000,2.94365
no_feasibility_energy,combined_composition_shift,1,4,1,0.15776,0.01127,0.01127,0,0,0,59.02518,4.83345,1,0.89653,1,0.14394,0.12877,0.10829,0.18049,0.12252,t_shape,clutter_safe,0.3800,0.18000,0.18833
no_feasibility_energy,combined_composition_shift,1,5,0,0.15664,0.08478,0.08478,0,1,0,69.30802,5.67791,0,-0.60663,1,0.08715,0.13418,0.00000,0.00000,0.12034,t_shape,clutter_safe,0.3800,0.18000,0.11647
no_feasibility_energy,combined_composition_shift,1,6,0,-0.00206,0.48138,0.53344,1,1,0,0.00000,0.57093,0,-1.19567,1,0.14925,0.13402,0.00000,0.00000,0.11056,t_shape,clutter_safe,0.3800,0.18000,-0.05013
no_feasibility_energy,combined_composition_shift,1,7,0,-0.00206,0.11034,0.16240,1,0,0,5.60585,0.62638,1,-0.85011,1,0.14426,0.14171,0.00000,0.00000,0.06229,t_shape,clutter_safe,0.3800,0.16662,-0.20457
no_feasibility_energy,combined_composition_shift,1,8,0,0.00398,0.05885,0.10486,1,1,0,41.07221,1.95595,0,-1.19847,1,0.08387,0.12955,0.02653,0.04421,0.12060,t_shape,clutter_safe,0.3800,0.18000,0.51860
no_feasibility_energy,combined_composition_shift,1,9,0,0.16202,0.04546,0.04546,0,1,0,82.45912,6.41283,0,-0.52470,1,0.18009,0.13360,0.00000,0.00000,0.10655,t_shape,clutter_safe,0.3800,0.18000,-0.01336
no_feasibility_energy,combined_composition_shift,2,0,0,0.04039,0.08908,0.09869,1,1,0,70.74269,3.56708,0,-1.18560,1,0.17151,0.13788,0.00000,0.00000,0.11193,t_shape,clutter_safe,0.3800,0.18000,-0.00022
no_feasibility_energy,combined_composition_shift,2,1,0,0.15991,0.06217,0.06217,0,1,0,81.62889,6.05002,0,-0.55952,1,0.17844,0.12913,0.00000,0.00000,0.12204,t_shape,clutter_safe,0.3800,0.18000,-0.15245
no_feasibility_energy,combined_composition_shift,2,2,0,0.07523,0.02880,0.02880,0,1,0,50.12959,3.80686,0,-0.49001,1,0.15051,0.12642,0.00000,0.00000,0.11628,t_shape,clutter_safe,0.3800,0.18000,-0.07558
no_feasibility_energy,combined_composition_shift,2,3,0,-0.00206,0.08617,0.13823,1,1,0,8.46538,0.64293,0,-1.20143,1,0.20756,0.13727,0.00000,0.00000,0.10543,t_shape,clutter_safe,0.3800,0.18000,-0.05682
no_feasibility_energy,combined_composition_shift,2,4,0,0.06987,0.05730,0.05730,1,1,0,33.90122,2.07062,0,-1.09937,1,0.13877,0.13978,0.00000,0.00000,0.12409,t_shape,clutter_safe,0.3800,0.18000,-0.27542
no_feasibility_energy,combined_composition_shift,2,5,0,0.16329,0.07461,0.07461,0,1,0,51.00901,3.97299,0,-0.58544,1,0.18412,0.13039,0.00000,0.00000,0.09389,t_shape,clutter_safe,0.3800,0.18000,-2.80402
no_feasibility_energy,combined_composition_shift,2,6,0,0.02777,0.06384,0.08608,1,1,0,32.02168,1.35666,0,-1.15933,1,0.20695,0.13060,0.00000,0.00000,0.10782,t_shape,clutter_safe,0.3800,0.17730,0.00986
no_feasibility_energy,combined_composition_shift,2,7,0,0.15810,0.05701,0.05701,0,1,0,77.54794,5.80116,0,-0.54877,1,0.11267,0.13631,0.00000,0.00000,0.11828,t_shape,clutter_safe,0.3800,0.18000,-0.02676
no_feasibility_energy,combined_composition_shift,2,8,0,-0.00206,0.10761,0.15966,1,1,0,0.00000,0.54643,0,-1.19371,1,0.10708,0.13023,0.05465,0.09108,0.13202,t_shape,clutter_safe,0.3800,0.18000,-0.28413
no_feasibility_energy,combined_composition_shift,2,9,0,-0.00208,0.03945,0.09153,1,1,0,46.18451,1.81733,0,-1.17068,1,0.19493,0.12658,0.00000,0.00000,0.10498,t_shape,clutter_safe,0.3800,0.18000,0.00689
no_feasibility_energy,combined_composition_shift,3,0,0,-0.00206,0.05868,0.11073,1,1,0,30.01687,0.99420,0,-1.21023,1,0.10067,0.13629,0.00000,0.00000,0.14603,t_shape,clutter_safe,0.3800,0.18000,0.24386
no_feasibility_energy,combined_composition_shift,3,1,0,0.03309,0.08090,0.09780,1,1,0,56.02823,2.77334,0,-1.18376,1,0.19525,0.21899,0.01967,0.03278,0.13553,t_shape,clutter_safe,0.3800,0.18000,-2.71142
no_feasibility_energy,combined_composition_shift,3,2,0,0.15924,0.01832,0.01832,0,1,0,64.71055,5.32510,0,-0.46816,1,0.09334,0.12872,0.00000,0.00000,0.09901,t_shape,clutter_safe,0.3800,0.18000,-0.18408
no_feasibility_energy,combined_composition_shift,3,3,0,0.07081,0.03004,0.03004,0,1,0,40.97606,2.93268,0,-0.49258,1,0.12719,0.12771,0.00000,0.00000,0.09544,t_shape,clutter_safe,0.3800,0.18000,-3.01453
no_feasibility_energy,combined_composition_shift,3,4,0,0.15880,0.00454,0.00454,0,1,0,75.93414,6.31456,0,-0.43945,1,0.10255,0.12692,0.00000,0.00000,0.09891,t_shape,clutter_safe,0.3800,0.18000,-0.27654
no_feasibility_energy,combined_composition_shift,3,5,0,-0.00206,0.07686,0.12892,1,1,0,20.18243,0.61870,0,-1.19950,1,0.16047,0.12829,0.00000,0.00000,0.12335,t_shape,clutter_safe,0.3800,0.18000,-0.21970
no_feasibility_energy,combined_composition_shift,3,6,0,-0.00206,0.21370,0.26576,1,1,0,53.67828,1.96080,0,-1.23000,1,0.16297,0.13579,0.00000,0.00000,0.12708,t_shape,clutter_safe,0.3800,0.18000,-2.60556
no_feasibility_energy,combined_composition_shift,3,7,1,0.16203,0.00198,0.00198,0,0,0,62.09225,5.06669,1,0.91588,1,0.07929,0.12632,0.00000,0.00000,0.10849,t_shape,clutter_safe,0.3800,0.18000,-0.02122
no_feasibility_energy,combined_composition_shift,3,8,0,0.15352,0.06667,0.06667,0,1,0,83.10620,6.64826,0,-0.56889,1,0.16260,0.13376,0.00000,0.00000,0.11430,t_shape,clutter_safe,0.3800,0.18000,-0.20473
no_feasibility_energy,combined_composition_shift,3,9,0,0.16173,0.01178,0.01178,0,1,0,71.90765,5.96663,0,-0.45454,1,0.13258,0.12871,0.00000,0.00000,0.11809,t_shape,clutter_safe,0.3800,0.18000,0.21640
no_feasibility_energy,combined_composition_shift,4,0,0,0.15481,0.04415,0.04415,0,1,0,56.05959,3.11796,0,-0.52197,1,0.16005,0.12666,0.00000,0.00000,0.09306,t_shape,clutter_safe,0.3800,0.18000,-0.12481
no_feasibility_energy,combined_composition_shift,4,1,0,0.08450,0.06658,0.06658,0,1,0,51.35900,2.64374,0,-0.56872,1,0.19185,0.13547,0.00000,0.00000,0.09563,t_shape,clutter_safe,0.3800,0.17321,-2.92290
no_feasibility_energy,combined_composition_shift,4,2,0,0.05137,0.05990,0.05990,1,1,0,39.28461,1.82599,0,-1.10480,1,0.18628,0.13510,0.00000,0.00000,0.16676,t_shape,clutter_safe,0.3800,0.18000,-0.18649
no_feasibility_energy,combined_composition_shift,4,3,0,0.02309,0.06977,0.09668,1,1,0,39.29856,2.18064,0,-1.18142,1,0.21377,0.12709,0.00000,0.00000,0.11867,t_shape,clutter_safe,0.3800,0.18000,0.15904
no_feasibility_energy,combined_composition_shift,4,4,0,0.16169,0.04214,0.04214,0,1,0,65.29052,5.35320,0,-0.51780,1,0.15250,0.13071,0.02897,0.04829,0.12162,t_shape,clutter_safe,0.3800,0.18000,0.03278
no_feasibility_energy,combined_composition_shift,4,5,0,0.09133,0.06182,0.06182,0,1,0,61.19448,4.38000,0,-0.55879,1,0.15370,0.13434,0.00000,0.00000,0.11658,t_shape,clutter_safe,0.3800,0.18000,-3.06189
no_feasibility_energy,combined_composition_shift,4,6,0,0.07781,0.01667,0.01667,0,1,0,56.33272,3.03769,0,-0.46472,1,0.21895,0.12683,0.03247,0.05412,0.11801,t_shape,clutter_safe,0.3800,0.18000,0.14013
no_feasibility_energy,combined_composition_shift,4,7,0,0.04838,0.12974,0.13136,1,1,0,67.68633,2.69454,0,-1.23000,1,0.05845,0.13553,0.00000,0.00000,0.12243,t_shape,clutter_safe,0.3800,0.18000,-0.14624
no_feasibility_energy,combined_composition_shift,4,8,0,0.15463,0.02290,0.02290,0,1,0,71.18540,5.75321,0,-0.47772,1,0.10334,0.13045,0.00000,0.00000,0.11237,t_shape,clutter_safe,0.3800,0.18000,0.19942
no_feasibility_energy,combined_composition_shift,4,9,0,0.07459,0.05071,0.05071,0,1,0,30.70527,1.89841,0,-0.53565,1,0.18653,0.13069,0.00000,0.00000,0.11659,t_shape,clutter_safe,0.3800,0.18000,-0.11197
no_transformer_context,combined_composition_shift,0,0,0,0.16023,0.04095,0.04095,0,1,0,80.03588,6.65770,0,-0.51531,1,0.12701,0.12922,0.00000,0.00000,0.11161,t_shape,clutter_safe,0.3800,0.18000,-0.18678
no_transformer_context,combined_composition_shift,0,1,0,0.15513,0.06037,0.06037,0,1,0,73.27974,5.98226,0,-0.55576,1,0.19172,0.13249,0.00000,0.00000,0.12152,t_shape,clutter_safe,0.3800,0.18000,-0.03377
no_transformer_context,combined_composition_shift,0,2,0,0.16178,0.02705,0.02705,0,1,0,64.33022,5.23725,0,-0.48636,1,0.14828,0.12856,0.00000,0.00000,0.11073,t_shape,clutter_safe,0.3800,0.18000,0.00730
no_transformer_context,combined_composition_shift,0,3,0,-0.00206,0.08149,0.13355,1,1,0,8.69935,0.69075,0,-1.20526,1,0.13067,0.13670,0.10889,0.18148,0.11034,t_shape,clutter_safe,0.3800,0.18000,0.24868
no_transformer_context,combined_composition_shift,0,4,0,-0.00206,0.03308,0.08514,1,1,0,36.42990,2.24004,0,-1.15737,1,0.16485,0.13738,0.00000,0.00000,0.10293,t_shape,clutter_safe,0.3800,0.18000,-3.01386
no_transformer_context,combined_composition_shift,0,5,0,0.15809,0.04032,0.04032,0,1,0,59.84592,3.48263,0,-0.51400,1,0.13714,0.13188,0.00000,0.00000,0.10126,t_shape,clutter_safe,0.3800,0.18000,0.26314
no_transformer_context,combined_composition_shift,0,6,0,0.08430,0.03130,0.03130,0,1,0,72.60208,4.65703,0,-0.49521,1,0.13279,0.13020,0.00000,0.00000,0.12568,t_shape,clutter_safe,0.3800,0.18000,-0.21685
no_transformer_context,combined_composition_shift,0,7,0,-0.00207,0.01960,0.07167,1,1,0,24.60510,1.08088,0,-1.12931,1,0.14072,0.12760,0.00000,0.00000,0.11299,t_shape,clutter_safe,0.3800,0.18000,-0.28131
no_transformer_context,combined_composition_shift,0,8,1,0.16190,0.03442,0.03442,0,0,0,60.82694,5.02984,1,0.84830,1,0.03035,0.12955,0.00000,0.00000,0.12075,t_shape,clutter_safe,0.3800,0.18000,-0.11494
no_transformer_context,combined_composition_shift,0,9,0,0.15942,0.06894,0.06894,0,1,0,63.45424,5.21763,0,-0.57363,1,0.05422,0.13247,0.02624,0.04374,0.09987,t_shape,clutter_safe,0.3800,0.18000,-2.97161
no_transformer_context,combined_composition_shift,1,0,0,0.15849,0.09230,0.09230,0,1,0,76.71772,6.38384,0,-0.62230,1,0.16333,0.13372,0.00000,0.00000,0.11851,t_shape,clutter_safe,0.3800,0.18000,-0.21901
no_transformer_context,combined_composition_shift,1,1,0,0.00212,0.37667,0.42456,1,1,0,86.75778,5.50688,0,-1.23000,1,0.17039,0.13350,0.00000,0.00000,0.11566,t_shape,clutter_safe,0.3800,0.18000,-0.09047
no_transformer_context,combined_composition_shift,1,2,0,-0.00206,0.05734,0.10940,1,1,0,53.82929,2.10937,0,-1.20791,1,0.15135,0.13449,0.00000,0.00000,0.10080,t_shape,clutter_safe,0.3800,0.18000,0.10118
no_transformer_context,combined_composition_shift,1,3,0,0.16275,0.04071,0.04071,0,1,0,61.27747,4.94153,0,-0.51480,1,0.17404,0.13343,0.00000,0.00000,0.18897,t_shape,clutter_safe,0.3800,0.18000,2.87166
no_transformer_context,combined_composition_shift,1,4,0,-0.00206,0.13697,0.18903,1,1,0,58.44403,1.27551,0,-1.23000,1,0.21430,0.13389,0.00000,0.00000,0.10697,t_shape,clutter_safe,0.3800,0.18000,0.05738
no_transformer_context,combined_composition_shift,1,5,0,0.11680,0.07692,0.07692,0,1,0,61.49876,3.37775,0,-0.59024,1,0.18864,0.13183,0.00000,0.00000,0.11690,t_shape,clutter_safe,0.3800,0.18000,-0.53213
no_transformer_context,combined_composition_shift,1,6,0,0.01361,0.06441,0.10080,1,1,0,49.12097,1.87765,0,-1.18999,1,0.17761,0.12822,0.00000,0.00000,0.10473,t_shape,clutter_safe,0.3800,0.18000,-0.36019
no_transformer_context,combined_composition_shift,1,7,1,0.16119,0.00978,0.00978,0,0,0,76.78027,6.35200,1,0.89962,1,0.17631,0.12654,0.00000,0.00000,0.11824,t_shape,clutter_safe,0.3800,0.18000,3.08639
no_transformer_context,combined_composition_shift,1,8,0,0.15330,0.06874,0.06874,0,1,0,80.76648,6.45290,0,-0.57322,1,0.10568,0.13409,0.00000,0.00000,0.11793,t_shape,clutter_safe,0.3800,0.18000,0.04220
no_transformer_context,combined_composition_shift,1,9,0,-0.00551,0.15913,0.21463,1,1,0,37.05635,2.46408,0,-1.23000,1,0.19045,0.13620,0.00000,0.00000,0.06780,t_shape,clutter_safe,0.3800,0.16928,-2.85373
no_transformer_context,combined_composition_shift,2,0,0,-0.00206,0.08104,0.13310,1,1,0,6.72647,0.69706,0,-1.20576,1,0.22236,0.13468,0.00000,0.00000,0.12894,t_shape,clutter_safe,0.3800,0.18000,0.21007
no_transformer_context,combined_composition_shift,2,1,0,-0.00206,0.08661,0.13867,1,1,0,34.51897,1.98399,0,-1.23000,1,0.11215,0.12821,0.00000,0.00000,0.10674,t_shape,clutter_safe,0.3800,0.18000,0.08732
no_transformer_context,combined_composition_shift,2,2,0,0.06396,0.04061,0.04061,1,1,0,68.86619,3.54325,0,-1.06460,1,0.13805,0.13347,0.00000,0.00000,0.10157,t_shape,clutter_safe,0.3800,0.18000,0.07514
no_transformer_context,combined_composition_shift,2,3,1,0.16080,0.07718,0.07718,0,0,0,58.73231,4.87125,1,0.75922,1,0.04680,0.13310,0.00000,0.00000,0.10321,t_shape,clutter_safe,0.3800,0.18000,0.01412
no_transformer_context,combined_composition_shift,2,4,0,-0.00206,0.09236,0.14442,1,1,0,10.70172,0.68362,0,-1.20469,1,0.18866,0.12621,0.00000,0.00000,0.12990,t_shape,clutter_safe,0.3800,0.18000,-0.57140
no_transformer_context,combined_composition_shift,2,5,0,-0.00206,0.08680,0.13886,1,0,0,0.00000,0.55173,1,-0.84414,1,0.14107,0.13032,0.00000,0.00000,0.10373,t_shape,clutter_safe,0.3800,0.18000,-0.06309
no_transformer_context,combined_composition_shift,2,6,0,0.16007,0.04241,0.04241,0,1,0,71.57278,5.94186,0,-0.51836,1,0.14636,0.12797,0.00000,0.00000,0.11477,t_shape,clutter_safe,0.3800,0.18000,-0.08761
no_transformer_context,combined_composition_shift,2,7,0,0.15168,0.03891,0.03891,0,1,0,65.49018,5.13713,0,-0.51106,1,0.08245,0.13362,0.00000,0.00000,0.11172,t_shape,clutter_safe,0.3800,0.18000,0.13023
no_transformer_context,combined_composition_shift,2,8,1,0.16018,0.07794,0.07794,0,0,0,69.45280,5.79583,1,0.75762,1,0.09666,0.13291,0.00000,0.00000,0.10936,t_shape,clutter_safe,0.3800,0.18000,-0.10145
no_transformer_context,combined_composition_shift,2,9,0,0.08792,0.05191,0.05191,0,1,0,60.37535,3.03993,0,-0.53815,1,0.16278,0.12810,0.00000,0.00000,0.10064,t_shape,clutter_safe,0.3800,0.18000,-0.09290
no_transformer_context,combined_composition_shift,3,0,0,0.15170,0.08323,0.08323,0,1,0,79.22985,6.22808,0,-0.60341,1,0.17669,0.13608,0.00000,0.00000,0.10793,t_shape,clutter_safe,0.3800,0.18000,0.00592
no_transformer_context,combined_composition_shift,3,1,0,0.15728,0.08656,0.08656,0,1,0,71.91395,5.89477,0,-0.61033,1,0.13921,0.13469,0.00000,0.00000,0.09686,t_shape,clutter_safe,0.3800,0.18000,0.12129
no_transformer_context,combined_composition_shift,3,2,0,0.15991,0.00106,0.00106,0,1,0,82.92419,6.90264,0,-0.43222,1,0.14944,0.12699,0.00000,0.00000,0.14247,t_shape,clutter_safe,0.3800,0.18000,0.11183
no_transformer_context,combined_composition_shift,3,3,0,0.15231,0.07618,0.07618,0,1,0,80.08208,6.31451,0,-0.58871,1,0.11987,0.13514,0.00000,0.00000,0.10701,t_shape,clutter_safe,0.3800,0.18000,-0.06756
no_transformer_context,combined_composition_shift,3,4,0,-0.00206,0.10668,0.15874,1,1,0,19.85750,0.75735,0,-1.21059,1,0.15380,0.13654,0.00000,0.00000,0.09863,t_shape,clutter_safe,0.3800,0.18000,-0.03312
no_transformer_context,combined_composition_shift,3,5,0,0.15867,0.06775,0.06775,0,1,0,50.23898,3.43581,0,-0.57114,1,0.10840,0.13466,0.00000,0.00000,0.15020,t_shape,clutter_safe,0.3800,0.18000,-2.70094
no_transformer_context,combined_composition_shift,3,6,0,0.16148,0.00116,0.00116,0,1,0,77.34764,6.42251,0,-0.43242,1,0.13515,0.12846,0.00000,0.00000,0.10553,t_shape,clutter_safe,0.3800,0.18000,-3.08755
no_transformer_context,combined_composition_shift,3,7,0,-0.00206,0.07552,0.12759,1,1,0,27.79153,1.20926,0,-1.23000,1,0.14733,0.12776,0.00000,0.00000,0.10163,t_shape,clutter_safe,0.3800,0.18000,0.42211
no_transformer_context,combined_composition_shift,3,8,0,0.04324,0.06950,0.07625,1,1,0,53.11162,2.68889,0,-1.13886,1,0.11113,0.13736,0.00000,0.00000,0.11087,t_shape,clutter_safe,0.3800,0.18000,0.41421
no_transformer_context,combined_composition_shift,3,9,1,0.16230,0.00142,0.00142,0,0,0,61.29309,5.08292,1,0.91703,1,0.15000,0.12704,0.00000,0.00000,0.14060,t_shape,clutter_safe,0.3800,0.18000,3.02140
no_transformer_context,combined_composition_shift,4,0,0,0.15319,0.09124,0.09124,0,1,0,74.83014,5.74900,0,-0.62008,1,0.15171,0.13782,0.00000,0.00000,0.09946,t_shape,clutter_safe,0.3800,0.18000,-0.06913
no_transformer_context,combined_composition_shift,4,1,0,0.00703,0.33796,0.38092,1,1,0,78.57648,4.92421,0,-1.23000,1,0.14695,0.13525,0.00000,0.00000,0.11262,t_shape,clutter_safe,0.3800,0.18000,-0.36114
no_transformer_context,combined_composition_shift,4,2,0,-0.00206,0.14512,0.19718,1,0,0,3.62798,0.57399,1,-0.84592,1,0.15415,0.13292,0.00000,0.00000,0.11110,t_shape,clutter_safe,0.3800,0.18000,-0.14141
no_transformer_context,combined_composition_shift,4,3,0,0.00125,0.06261,0.11136,1,1,0,31.87622,1.25247,0,-1.21201,1,0.17856,0.12852,0.00000,0.00000,0.11011,t_shape,clutter_safe,0.3800,0.18000,0.28463
no_transformer_context,combined_composition_shift,4,4,0,0.14609,0.08557,0.08557,0,1,0,67.59074,4.57680,0,-0.60827,1,0.10250,0.13118,0.00000,0.00000,0.11639,t_shape,clutter_safe,0.3800,0.18000,0.25435
no_transformer_context,combined_composition_shift,4,5,0,-0.00308,0.03448,0.08756,1,1,0,51.59552,2.43972,0,-1.16242,1,0.13197,0.13380,0.00000,0.00000,0.11044,t_shape,clutter_safe,0.3800,0.17648,-3.14061
no_transformer_context,combined_composition_shift,4,6,0,-0.00206,0.16034,0.21240,1,1,0,73.75195,2.80404,0,-1.23000,1,0.13167,0.13325,0.00000,0.00000,0.12395,t_shape,clutter_safe,0.3800,0.18000,-0.41447
no_transformer_context,combined_composition_shift,4,7,0,-0.00206,0.08439,0.13644,1,0,0,42.87709,1.16038,1,-0.88000,1,0.18820,0.13060,0.00000,0.00000,0.11891,t_shape,clutter_safe,0.3800,0.18000,-3.08969
no_transformer_context,combined_composition_shift,4,8,0,0.15430,0.06216,0.06216,0,1,0,71.24695,5.62656,0,-0.55950,1,0.08521,0.13357,0.00000,0.00000,0.06562,t_shape,clutter_safe,0.3800,0.17133,-0.08131
no_transformer_context,combined_composition_shift,4,9,0,-0.00206,0.10633,0.15838,1,1,0,12.65628,0.81219,0,-1.21498,1,0.21452,0.13697,0.00000,0.00000,0.09856,t_shape,clutter_safe,0.3800,0.18000,0.07795
monolithic_scalar_energy_only,combined_composition_shift,0,0,0,-0.00206,0.08059,0.13265,1,0,0,0.00000,0.56894,1,-0.84552,1,0.24575,0.13141,0.00000,0.00000,0.12909,t_shape,clutter_safe,0.3800,0.18000,3.02983
monolithic_scalar_energy_only,combined_composition_shift,0,1,0,0.01948,0.11873,0.14925,1,1,0,90.91580,4.05722,0,-1.23000,1,0.18155,0.13789,0.00000,0.00000,0.04231,t_shape,clutter_safe,0.3800,0.16586,-0.11100
monolithic_scalar_energy_only,combined_composition_shift,0,2,0,-0.00206,0.06907,0.12113,1,1,0,23.66698,1.33199,0,-1.23000,1,0.32670,0.45339,0.00000,0.00000,0.14456,t_shape,clutter_safe,0.3800,0.18000,1.51364
monolithic_scalar_energy_only,combined_composition_shift,0,3,0,0.02269,0.04896,0.07627,1,1,0,47.60768,2.60241,0,-1.13889,1,0.18372,0.13422,0.00000,0.00000,0.10287,t_shape,clutter_safe,0.3800,0.18000,0.16106
monolithic_scalar_energy_only,combined_composition_shift,0,4,0,-0.00489,0.03768,0.09257,1,1,0,28.80049,1.90897,0,-1.17285,1,0.18442,0.12645,0.07660,0.12766,0.14063,t_shape,clutter_safe,0.3800,0.18000,-2.47421
monolithic_scalar_energy_only,combined_composition_shift,0,5,0,0.06390,0.05014,0.05014,1,1,0,86.29115,4.70042,0,-1.08445,1,0.15548,0.13676,0.01124,0.01874,0.09839,t_shape,clutter_safe,0.3800,0.18000,3.04873
monolithic_scalar_energy_only,combined_composition_shift,0,6,0,0.15973,0.04919,0.04919,0,1,0,86.19307,6.84823,0,-0.53249,1,0.16519,0.13487,0.00000,0.00000,0.09798,t_shape,clutter_safe,0.3800,0.18000,-0.05878
monolithic_scalar_energy_only,combined_composition_shift,0,7,0,-0.00206,0.06448,0.11654,1,1,0,15.23265,0.72454,0,-1.20075,1,0.18017,0.13003,0.00000,0.00000,0.14295,t_shape,clutter_safe,0.3800,0.18000,-0.08492
monolithic_scalar_energy_only,combined_composition_shift,0,8,0,0.09405,0.05428,0.05428,0,1,0,63.68414,3.33102,0,-0.54308,1,0.18694,0.12863,0.00000,0.00000,0.10908,t_shape,clutter_safe,0.3800,0.18000,3.12226
monolithic_scalar_energy_only,combined_composition_shift,0,9,0,0.16289,0.07296,0.07296,0,1,0,48.47036,3.81940,0,-0.58200,1,0.17410,0.13061,0.04526,0.07543,0.10126,t_shape,clutter_safe,0.3800,0.18000,-2.68649
monolithic_scalar_energy_only,combined_composition_shift,1,0,0,0.02899,0.03745,0.05845,1,1,0,55.20782,2.73585,0,-1.10178,1,0.15672,0.13586,0.00000,0.00000,0.09966,t_shape,clutter_safe,0.3800,0.17532,0.14232
monolithic_scalar_energy_only,combined_composition_shift,1,1,0,0.16154,0.10803,0.10803,0,1,0,57.13727,4.07516,0,-0.65506,1,0.16547,0.13405,0.00000,0.00000,0.09970,t_shape,clutter_safe,0.3800,0.18000,0.35852
monolithic_scalar_energy_only,combined_composition_shift,1,2,0,-0.00206,0.03222,0.08428,1,1,0,60.15741,1.87152,0,-1.15559,1,0.17887,0.13726,0.00000,0.00000,0.10079,t_shape,clutter_safe,0.3800,0.18000,0.05515
monolithic_scalar_energy_only,combined_composition_shift,1,3,0,0.15549,0.04881,0.04881,0,1,0,50.87965,3.61007,0,-0.53168,1,0.15925,0.13252,0.00512,0.00854,0.09903,t_shape,clutter_safe,0.3800,0.18000,0.38364
monolithic_scalar_energy_only,combined_composition_shift,1,4,0,-0.00206,0.08599,0.13805,1,1,0,5.85388,0.61152,0,-1.19892,1,0.17411,0.12967,0.00000,0.00000,0.10102,t_shape,clutter_safe,0.3800,0.18000,3.06803
monolithic_scalar_energy_only,combined_composition_shift,1,5,0,0.13479,0.12880,0.12880,0,1,0,78.21507,5.59195,0,-0.68000,1,0.11206,0.13569,0.00000,0.00000,0.11905,t_shape,clutter_safe,0.3800,0.18000,3.03176
monolithic_scalar_energy_only,combined_composition_shift,1,6,0,0.13584,0.10622,0.10622,0,1,0,76.58549,4.97822,0,-0.65128,1,0.20701,0.13364,0.00000,0.00000,0.12529,t_shape,clutter_safe,0.3800,0.18000,0.16492
monolithic_scalar_energy_only,combined_composition_shift,1,7,0,0.16078,0.00175,0.00175,0,1,0,71.59842,5.89854,0,-0.43365,1,0.11822,0.12885,0.00000,0.00000,0.09572,t_shape,clutter_safe,0.3800,0.18000,-0.05751
monolithic_scalar_energy_only,combined_composition_shift,1,8,0,0.01540,0.09410,0.12870,1,1,0,89.80130,3.94075,0,-1.23000,1,0.15024,0.13728,0.00000,0.00000,0.10133,t_shape,clutter_safe,0.3800,0.18000,3.00726
monolithic_scalar_energy_only,combined_composition_shift,1,9,0,0.16077,0.07056,0.07056,0,1,0,57.78590,4.17188,0,-0.57701,1,0.19024,0.13566,0.00674,0.01123,0.08431,t_shape,clutter_safe,0.3800,0.17490,0.27981
monolithic_scalar_energy_only,combined_composition_shift,2,0,0,-0.00206,0.06794,0.12000,1,1,0,15.34735,0.70370,0,-1.20630,1,0.23568,0.13113,0.00000,0.00000,0.11573,t_shape,clutter_safe,0.3800,0.18000,3.04228
monolithic_scalar_energy_only,combined_composition_shift,2,1,0,0.16036,0.05308,0.05308,0,1,0,78.25428,6.47616,0,-0.54059,1,0.18656,0.12939,0.00000,0.00000,0.11805,t_shape,clutter_safe,0.3800,0.18000,0.10297
monolithic_scalar_energy_only,combined_composition_shift,2,2,0,0.00041,0.08556,0.13515,1,1,0,53.68444,2.01651,0,-1.23000,1,0.20019,0.13300,0.00000,0.00000,0.11811,t_shape,clutter_safe,0.3800,0.18000,-2.63941
monolithic_scalar_energy_only,combined_composition_shift,2,3,0,0.09828,0.06676,0.06676,0,1,0,63.01694,3.67866,0,-0.56909,1,0.18071,0.13503,0.00000,0.00000,0.10999,t_shape,clutter_safe,0.3800,0.18000,-0.02024
monolithic_scalar_energy_only,combined_composition_shift,2,4,0,0.15092,0.05764,0.05764,0,1,0,83.19813,6.61773,0,-0.55008,1,0.15478,0.13475,0.00000,0.00000,0.10537,t_shape,clutter_safe,0.3800,0.18000,-0.09626
monolithic_scalar_energy_only,combined_composition_shift,2,5,0,-0.00206,0.10437,0.15642,1,1,0,28.77760,0.84802,0,-1.21784,1,0.15177,0.13638,0.00000,0.00000,0.10608,t_shape,clutter_safe,0.3800,0.18000,0.00879
monolithic_scalar_energy_only,combined_composition_shift,2,6,0,0.16138,0.05812,0.05812,0,1,0,63.52801,3.11842,0,-0.55108,1,0.10962,0.13640,0.04570,0.07617,0.03337,t_shape,clutter_safe,0.3800,0.16565,0.21222
monolithic_scalar_energy_only,combined_composition_shift,2,7,0,-0.00206,0.07397,0.12602,1,1,0,41.30882,1.96540,0,-1.23000,1,0.17881,0.13461,0.00000,0.00000,0.10178,t_shape,clutter_safe,0.3800,0.18000,0.05253
monolithic_scalar_energy_only,combined_composition_shift,2,8,0,0.16208,0.00937,0.00937,0,1,0,66.98109,5.55598,0,-0.44952,1,0.05758,0.12651,0.00000,0.00000,0.08539,t_shape,clutter_safe,0.3800,0.17172,0.08114
monolithic_scalar_energy_only,combined_composition_shift,2,9,1,0.15547,0.07032,0.07032,0,0,0,70.76620,5.53603,1,0.77350,1,0.17961,0.12744,0.01334,0.02224,0.11678,t_shape,clutter_safe,0.3800,0.18000,-0.11915
monolithic_scalar_energy_only,combined_composition_shift,3,0,0,0.16139,0.00658,0.00658,0,1,0,82.02828,6.83379,0,-0.44371,1,0.15649,0.12675,0.00000,0.00000,0.10863,t_shape,clutter_safe,0.3800,0.18000,-3.04272
monolithic_scalar_energy_only,combined_composition_shift,3,1,0,0.08934,0.06406,0.06406,0,1,0,53.49788,3.52831,0,-0.56346,1,0.18045,0.13425,0.00000,0.00000,0.12406,t_shape,clutter_safe,0.3800,0.18000,-2.94834
monolithic_scalar_energy_only,combined_composition_shift,3,2,0,0.15328,0.08394,0.08394,0,1,0,73.46254,5.80338,0,-0.60487,1,0.12589,0.13501,0.00000,0.00000,0.13067,t_shape,clutter_safe,0.3800,0.18000,-0.02989
monolithic_scalar_energy_only,combined_composition_shift,3,3,0,-0.00104,0.06400,0.11504,1,1,0,43.14987,2.18146,0,-1.21966,1,0.24484,0.25951,0.16887,0.28145,0.05461,t_shape,clutter_safe,0.3800,0.13930,1.76904
monolithic_scalar_energy_only,combined_composition_shift,3,4,0,0.15774,0.05628,0.05628,0,1,0,74.90615,5.28146,0,-0.54725,1,0.11530,0.13630,0.02671,0.04452,0.09342,t_shape,clutter_safe,0.3800,0.18000,3.00710
monolithic_scalar_energy_only,combined_composition_shift,3,5,0,0.15169,0.09105,0.09105,0,1,0,79.01715,6.42857,0,-0.61968,1,0.11892,0.13386,0.00000,0.00000,0.09383,t_shape,clutter_safe,0.3800,0.18000,-0.04655
monolithic_scalar_energy_only,combined_composition_shift,3,6,0,0.08788,0.03531,0.03531,0,1,0,65.71014,3.60546,0,-0.50355,1,0.08595,0.13063,0.00000,0.00000,0.11511,t_shape,clutter_safe,0.3800,0.18000,-0.07388
monolithic_scalar_energy_only,combined_composition_shift,3,7,0,0.14683,0.08013,0.08013,0,1,0,51.87235,2.85103,0,-0.59693,1,0.16048,0.12890,0.00000,0.00000,0.11396,t_shape,clutter_safe,0.3800,0.18000,-0.02285
monolithic_scalar_energy_only,combined_composition_shift,3,8,0,0.15779,0.01726,0.01726,0,1,0,67.87173,5.61511,0,-0.46597,1,0.09042,0.12821,0.01066,0.01776,0.07515,t_shape,clutter_safe,0.3800,0.17267,-0.30123
monolithic_scalar_energy_only,combined_composition_shift,3,9,0,0.13581,0.06327,0.06327,0,1,0,71.25115,4.58676,0,-0.56182,1,0.16000,0.12710,0.00000,0.00000,0.09923,t_shape,clutter_safe,0.3800,0.18000,3.12203
monolithic_scalar_energy_only,combined_composition_shift,4,0,0,0.16115,0.10094,0.10094,0,1,0,79.83211,6.59447,0,-0.64030,1,0.18085,0.13568,0.00000,0.00000,0.09861,t_shape,clutter_safe,0.3800,0.18000,2.84553
monolithic_scalar_energy_only,combined_composition_shift,4,1,0,0.15022,0.05333,0.05333,0,1,0,59.14811,3.89770,0,-0.54111,1,0.18695,0.12695,0.00000,0.00000,0.11377,t_shape,clutter_safe,0.3800,0.18000,0.02921
monolithic_scalar_energy_only,combined_composition_shift,4,2,0,-0.00206,0.07852,0.13058,1,1,0,9.06754,0.62985,0,-1.20039,1,0.18438,0.13427,0.03037,0.05061,0.09552,t_shape,clutter_safe,0.3800,0.18000,3.02786
monolithic_scalar_energy_only,combined_composition_shift,4,3,0,-0.00206,0.07754,0.12960,1,1,0,5.19664,0.60957,0,-1.19877,1,0.19467,0.13561,0.00000,0.00000,0.10614,t_shape,clutter_safe,0.3800,0.18000,0.08237
monolithic_scalar_energy_only,combined_composition_shift,4,4,0,0.07480,0.01857,0.01857,0,1,0,53.90328,3.78327,0,-0.46868,1,0.17278,0.13284,0.00000,0.00000,0.10028,t_shape,clutter_safe,0.3800,0.18000,0.10599
monolithic_scalar_energy_only,combined_composition_shift,4,5,1,0.15697,0.08402,0.08402,0,0,0,70.26864,5.85048,1,0.74496,1,0.11575,0.13246,0.01264,0.02106,0.11281,t_shape,clutter_safe,0.3800,0.18000,-0.23190
monolithic_scalar_energy_only,combined_composition_shift,4,6,0,-0.00206,0.06145,0.11351,1,0,0,19.74671,0.69982,1,-0.84247,1,0.18717,0.13050,0.00000,0.00000,0.11020,t_shape,clutter_safe,0.3800,0.18000,-0.18287
monolithic_scalar_energy_only,combined_composition_shift,4,7,0,0.16166,0.09019,0.09019,0,1,0,53.93314,3.82336,0,-0.61790,1,0.17936,0.13175,0.00000,0.00000,0.09350,t_shape,clutter_safe,0.3800,0.18000,0.26007
monolithic_scalar_energy_only,combined_composition_shift,4,8,0,0.04555,0.04037,0.04482,1,1,0,45.76471,1.87030,0,-1.07337,1,0.17769,0.13011,0.00000,0.00000,0.07200,t_shape,clutter_safe,0.3800,0.17259,-0.00476
monolithic_scalar_energy_only,combined_composition_shift,4,9,0,-0.00206,0.10553,0.15759,1,1,0,8.39315,0.63058,0,-1.20045,1,0.14201,0.13418,0.03110,0.05183,0.08879,t_shape,clutter_safe,0.3800,0.17606,-0.19456
